date,tavg_C,tmin_C,tmax_C,rainfall_mm,snow,wind_dir_deg,wind_speed_mps,wpgt,pressure_hPa,sunshine_minutes
2020-01-14,14.1,9.0,0.0,17.0,0.0,0.0,0.0,0.0,0.0,0.0
2020-01-15,14.4,9.0,0.0,0.0,0.0,0.0,0.0,0.0,0.0,0.0
2020-01-17,12.4,9.3,19.3,8.9,0.0,0.0,0.0,0.0,0.0,0.0
2020-01-18,12.7,9.3,19.3,0.0,0.0,0.0,0.0,0.0,0.0,0.0
2020-01-19,11.4,5.5,20.6,0.8,0.0,0.0,0.0,0.0,0.0,0.0
2020-01-20,11.4,5.9,21.1,0.0,0.0,0.0,0.0,0.0,0.0,0.0
2020-01-28,12.4,10.2,17.5,4.1,0.0,0.0,0.0,0.0,0.0,0.0
2020-01-29,10.5,10.2,17.5,23.1,0.0,0.0,0.0,0.0,0.0,0.0
2020-01-30,12.7,5.6,20.4,0.0,0.0,0.0,0.0,0.0,0.0,0.0
2020-02-21,14.6,11.6,26.4,36.1,0.0,0.0,0.0,0.0,0.0,0.0
2020-02-22,16.4,10.1,26.4,1.0,0.0,0.0,0.0,0.0,0.0,0.0
2020-02-23,14.1,10.1,25.4,1.0,0.0,0.0,0.0,0.0,0.0,0.0
2020-02-24,16.3,8.6,25.6,23.1,0.0,0.0,0.0,0.0,0.0,0.0
2020-02-25,15.9,9.9,25.3,0.0,0.0,0.0,0.0,0.0,0.0,0.0
2020-02-26,16.8,10.6,24.3,9.9,0.0,0.0,0.0,0.0,0.0,0.0
2020-02-27,16.9,12.4,24.6,0.0,0.0,0.0,0.0,0.0,0.0,0.0
2020-03-02,18.0,10.5,27.2,0.0,0.0,0.0,0.0,0.0,0.0,0.0
2020-03-05,18.4,14.5,26.7,0.0,0.0,0.0,0.0,0.0,0.0,0.0
2020-03-06,13.6,14.5,25.4,1.0,0.0,0.0,0.0,0.0,0.0,0.0
2020-03-07,12.8,14.5,17.7,0.0,0.0,0.0,0.0,0.0,0.0,0.0
2020-03-08,15.8,8.3,17.7,7.9,0.0,0.0,0.0,0.0,0.0,0.0
2020-03-09,17.1,10.1,17.7,0.0,0.0,0.0,0.0,0.0,0.0,0.0
2020-03-12,18.4,11.7,17.7,33.0,0.0,0.0,0.0,0.0,0.0,0.0
2020-03-13,14.4,11.7,25.7,17.0,0.0,0.0,0.0,0.0,0.0,0.0
2020-03-14,14.1,9.8,25.7,18.0,0.0,0.0,0.0,0.0,0.0,0.0
2020-03-15,16.7,10.8,23.8,8.9,0.0,0.0,0.0,0.0,0.0,0.0
2020-03-16,17.6,10.5,23.8,0.0,0.0,0.0,0.0,0.0,0.0,0.0
2020-03-22,20.1,12.7,29.3,0.5,0.0,0.0,0.0,0.0,0.0,0.0
2020-03-23,20.9,13.6,28.2,0.0,0.0,0.0,0.0,0.0,0.0,0.0
2020-03-25,21.6,14.6,29.5,7.1,0.0,0.0,0.0,0.0,0.0,0.0
2020-03-26,21.9,16.3,29.7,0.0,0.0,0.0,0.0,0.0,0.0,0.0
2020-03-27,18.1,16.3,29.0,1.0,0.0,0.0,0.0,0.0,0.0,0.0
2020-03-28,19.9,13.6,29.0,33.0,0.0,0.0,0.0,0.0,0.0,0.0
2020-03-29,20.1,12.9,29.0,0.0,0.0,0.0,0.0,0.0,0.0,0.0
2020-04-01,22.9,12.9,30.1,0.3,0.0,0.0,0.0,0.0,0.0,0.0
2020-04-02,20.6,12.9,30.8,0.0,0.0,0.0,0.0,0.0,0.0,0.0
2020-04-06,23.1,14.5,30.8,0.0,0.0,0.0,0.0,0.0,0.0,0.0
2020-04-15,27.5,14.5,35.1,0.0,0.0,0.0,0.0,0.0,0.0,0.0
2020-04-16,26.8,14.5,35.6,0.0,0.0,0.0,0.0,0.0,0.0,0.0
2020-04-18,25.6,14.5,33.6,2.0,0.0,0.0,0.0,0.0,0.0,0.0
2020-04-19,24.9,16.9,34.0,2.0,0.0,0.0,0.0,0.0,0.0,0.0
2020-04-20,22.9,17.1,32.5,0.0,0.0,0.0,0.0,0.0,0.0,0.0
2020-04-21,23.3,15.7,30.6,2.0,0.0,0.0,0.0,0.0,0.0,0.0
2020-04-22,23.5,15.7,31.0,0.0,0.0,0.0,0.0,0.0,0.0,0.0
2020-04-26,19.7,16.6,33.2,27.9,0.0,0.0,0.0,0.0,0.0,0.0
2020-04-27,18.8,16.6,33.2,5.1,0.0,0.0,0.0,0.0,0.0,0.0
2020-04-28,23.3,14.7,33.2,47.0,0.0,0.0,0.0,0.0,0.0,0.0
2020-04-29,24.1,17.9,31.2,0.0,0.0,0.0,0.0,0.0,0.0,0.0
2020-05-03,24.8,17.9,32.0,1.0,0.0,0.0,0.0,0.0,0.0,0.0
2020-05-04,24.9,17.4,32.4,23.1,0.0,0.0,0.0,0.0,0.0,0.0
2020-05-05,25.1,19.0,31.7,0.0,0.0,0.0,0.0,0.0,0.0,0.0
2020-05-06,23.5,19.0,31.7,0.0,0.0,0.0,0.0,0.0,0.0,0.0
2020-05-07,23.8,15.6,30.8,6.1,0.0,0.0,0.0,0.0,0.0,0.0
2020-05-08,24.9,17.1,30.8,0.0,0.0,0.0,0.0,0.0,0.0,0.0
2020-05-12,25.8,20.4,32.6,2.0,0.0,0.0,0.0,0.0,0.0,0.0
2020-05-13,25.4,20.6,32.1,0.0,0.0,0.0,0.0,0.0,0.0,0.0
2020-05-15,27.2,19.6,32.1,0.0,0.0,0.0,0.0,0.0,0.0,0.0
2020-05-27,30.6,20.5,39.8,0.0,0.0,0.0,0.0,0.0,0.0,0.0
2020-05-28,28.5,20.5,40.1,1.0,0.0,0.0,0.0,0.0,0.0,0.0
2020-05-29,25.4,21.6,35.5,0.0,0.0,0.0,0.0,0.0,0.0,0.0
2020-05-30,24.5,21.2,31.4,1.0,0.0,0.0,0.0,0.0,0.0,0.0
2020-05-31,23.2,21.2,29.1,0.0,0.0,0.0,0.0,0.0,0.0,0.0
2020-06-01,25.3,19.1,29.1,6.1,0.0,0.0,0.0,0.0,0.0,0.0
2020-06-02,26.4,20.6,29.1,0.0,0.0,0.0,0.0,0.0,0.0,0.0
2020-06-03,26.3,21.6,33.9,5.1,0.0,0.0,0.0,0.0,0.0,0.0
2020-06-04,26.1,21.6,33.6,0.0,0.0,0.0,0.0,0.0,0.0,0.0
2020-06-05,23.1,19.6,33.2,27.9,0.0,0.0,0.0,0.0,0.0,0.0
2020-06-06,25.9,19.6,33.2,3.0,0.0,0.0,0.0,0.0,0.0,0.0
2020-06-07,26.2,19.6,32.3,2.0,0.0,0.0,0.0,0.0,0.0,0.0
2020-06-08,26.3,22.1,32.3,0.5,0.0,0.0,0.0,0.0,0.0,0.0
2020-06-09,29.3,22.1,32.3,32.0,0.0,0.0,0.0,0.0,0.0,0.0
2020-06-10,29.0,24.6,35.2,0.0,0.0,0.0,0.0,0.0,0.0,0.0
2020-06-11,29.5,23.4,35.4,0.8,0.0,0.0,0.0,0.0,0.0,0.0
2020-06-12,30.2,25.7,35.1,0.0,0.0,0.0,0.0,0.0,0.0,0.0
2020-06-13,27.2,25.7,35.1,4.1,0.0,0.0,0.0,0.0,0.0,0.0
2020-06-14,29.2,23.1,34.5,7.9,0.0,0.0,0.0,0.0,0.0,0.0
2020-06-15,26.9,21.6,34.7,6.1,0.0,0.0,0.0,0.0,0.0,0.0
2020-06-16,28.5,21.6,34.8,0.5,0.0,0.0,0.0,0.0,0.0,0.0
2020-06-17,27.6,21.2,35.0,51.1,0.0,0.0,0.0,0.0,0.0,0.0
2020-06-18,28.5,21.2,35.0,0.5,0.0,0.0,0.0,0.0,0.0,0.0
2020-06-19,28.3,24.7,35.2,3.0,0.0,0.0,0.0,0.0,0.0,0.0
2020-06-20,28.4,24.7,33.3,8.9,0.0,0.0,0.0,0.0,0.0,0.0
2020-06-21,27.3,22.1,33.7,7.1,0.0,0.0,0.0,0.0,0.0,0.0
2020-06-22,28.7,24.5,33.7,0.0,0.0,0.0,0.0,0.0,0.0,0.0
2020-06-24,27.4,24.5,34.6,0.0,0.0,0.0,0.0,0.0,0.0,0.0
2020-06-25,28.6,24.1,33.0,7.1,0.0,0.0,0.0,0.0,0.0,0.0
2020-06-26,29.3,24.8,33.5,0.0,0.0,0.0,0.0,0.0,0.0,0.0
2020-06-28,29.1,24.8,33.5,0.0,0.0,0.0,0.0,0.0,0.0,0.0
2020-07-01,28.6,23.1,35.1,19.1,0.0,0.0,0.0,0.0,0.0,0.0
2020-07-02,28.1,21.0,34.4,59.9,0.0,0.0,0.0,0.0,0.0,0.0
2020-07-03,28.6,21.0,33.7,0.8,0.0,0.0,0.0,0.0,0.0,0.0
2020-07-04,28.4,25.0,34.4,43.9,0.0,0.0,0.0,0.0,0.0,0.0
2020-07-05,26.2,20.7,32.8,94.0,0.0,0.0,0.0,0.0,0.0,0.0
2020-07-06,27.9,24.2,32.5,0.0,0.0,0.0,0.0,0.0,0.0,0.0
2020-07-07,27.3,24.2,34.2,4.1,0.0,0.0,0.0,0.0,0.0,0.0
2020-07-08,28.2,24.0,32.6,0.3,0.0,0.0,0.0,0.0,0.0,0.0
2020-07-09,29.4,23.4,32.6,22.1,0.0,0.0,0.0,0.0,0.0,0.0
2020-07-10,27.5,23.4,34.7,2.0,0.0,0.0,0.0,0.0,0.0,0.0
2020-07-11,27.4,24.2,33.8,10.9,0.0,0.0,0.0,0.0,0.0,0.0
2020-07-12,26.5,21.7,32.2,8.9,0.0,0.0,0.0,0.0,0.0,0.0
2020-07-13,29.3,23.6,32.2,0.0,0.0,0.0,0.0,0.0,0.0,0.0
2020-07-15,28.0,24.7,34.1,5.1,0.0,0.0,0.0,0.0,0.0,0.0
2020-07-16,28.5,25.8,33.5,0.5,0.0,0.0,0.0,0.0,0.0,0.0
2020-07-17,29.1,25.6,34.6,0.0,0.0,0.0,0.0,0.0,0.0,0.0
2020-07-21,23.7,21.6,30.7,63.0,0.0,0.0,0.0,0.0,0.0,0.0
2020-07-22,24.7,21.6,30.7,9.9,0.0,0.0,0.0,0.0,0.0,0.0
2020-07-23,25.5,21.6,30.7,3.0,0.0,0.0,0.0,0.0,0.0,0.0
2020-07-24,27.0,22.2,32.5,14.0,0.0,0.0,0.0,0.0,0.0,0.0
2020-07-25,27.5,23.8,33.0,3.0,0.0,0.0,0.0,0.0,0.0,0.0
2020-07-26,27.5,23.5,33.4,55.9,0.0,0.0,0.0,0.0,0.0,0.0
2020-07-27,27.4,23.2,33.5,82.0,0.0,0.0,0.0,0.0,0.0,0.0
2020-07-28,26.8,23.2,33.7,7.1,0.0,0.0,0.0,0.0,0.0,0.0
2020-07-29,25.5,23.9,31.4,70.1,0.0,0.0,0.0,0.0,0.0,0.0
2020-07-30,26.7,24.0,31.4,18.0,0.0,0.0,0.0,0.0,0.0,0.0
2020-07-31,26.6,23.4,31.2,57.9,0.0,0.0,0.0,0.0,0.0,0.0
2020-08-01,26.7,23.4,32.1,108.0,0.0,0.0,0.0,0.0,0.0,0.0
2020-08-02,28.6,24.2,32.1,0.5,0.0,0.0,0.0,0.0,0.0,0.0
2020-08-03,27.8,24.2,32.4,4.1,0.0,0.0,0.0,0.0,0.0,0.0
2020-08-04,29.0,24.7,33.1,11.9,0.0,0.0,0.0,0.0,0.0,0.0
2020-08-05,28.8,26.1,34.0,0.0,0.0,0.0,0.0,0.0,0.0,0.0
2020-08-06,29.7,26.1,34.3,0.0,0.0,0.0,0.0,0.0,0.0,0.0
2020-08-07,29.0,26.0,35.0,8.9,0.0,0.0,0.0,0.0,0.0,0.0
2020-08-08,29.8,25.4,35.0,0.0,0.0,0.0,0.0,0.0,0.0,0.0
2020-08-09,27.3,25.5,34.6,7.9,0.0,0.0,0.0,0.0,0.0,0.0
2020-08-10,26.1,24.1,30.2,30.0,0.0,0.0,0.0,0.0,0.0,0.0
2020-08-11,27.5,25.0,30.2,0.0,0.0,0.0,0.0,0.0,0.0,0.0
2020-08-12,26.8,24.9,31.4,0.8,0.0,0.0,0.0,0.0,0.0,0.0
2020-08-13,25.7,25.0,29.4,6.1,0.0,0.0,0.0,0.0,0.0,0.0
2020-08-14,26.8,24.8,29.4,39.1,0.0,0.0,0.0,0.0,0.0,0.0
2020-08-15,27.6,24.4,32.7,19.1,0.0,0.0,0.0,0.0,0.0,0.0
2020-08-16,26.2,23.8,33.4,109.0,0.0,0.0,0.0,0.0,0.0,0.0
2020-08-17,26.8,25.0,30.7,20.1,0.0,0.0,0.0,0.0,0.0,0.0
2020-08-18,27.2,25.0,30.7,3.0,0.0,0.0,0.0,0.0,0.0,0.0
2020-08-19,24.5,25.0,31.2,91.9,0.0,0.0,0.0,0.0,0.0,0.0
2020-08-20,25.5,23.0,31.2,7.1,0.0,0.0,0.0,0.0,0.0,0.0
2020-08-21,25.4,22.1,30.4,29.0,0.0,0.0,0.0,0.0,0.0,0.0
2020-08-22,26.9,23.9,30.4,2.0,0.0,0.0,0.0,0.0,0.0,0.0
2020-08-23,26.9,23.9,30.4,0.0,0.0,0.0,0.0,0.0,0.0,0.0
2020-08-26,27.2,23.9,32.3,34.0,0.0,0.0,0.0,0.0,0.0,0.0
2020-08-27,26.4,23.3,33.0,24.9,0.0,0.0,0.0,0.0,0.0,0.0
2020-08-28,26.0,23.0,33.0,2.0,0.0,0.0,0.0,0.0,0.0,0.0
2020-08-29,28.2,23.5,32.2,11.9,0.0,0.0,0.0,0.0,0.0,0.0
2020-08-30,26.8,23.6,33.2,4.1,0.0,0.0,0.0,0.0,0.0,0.0
2020-08-31,27.6,23.4,32.7,17.0,0.0,0.0,0.0,0.0,0.0,0.0
2020-09-01,28.3,25.0,32.7,0.3,0.0,0.0,0.0,0.0,0.0,0.0
2020-09-02,28.3,25.1,33.4,0.0,0.0,0.0,0.0,0.0,0.0,0.0
2020-09-03,27.8,25.1,33.7,0.0,0.0,0.0,0.0,0.0,0.0,0.0
2020-09-05,27.0,23.7,33.7,0.3,0.0,0.0,0.0,0.0,0.0,0.0
2020-09-06,25.4,23.7,34.4,0.0,0.0,0.0,0.0,0.0,0.0,0.0
2020-09-07,27.6,22.1,34.4,9.9,0.0,0.0,0.0,0.0,0.0,0.0
2020-09-08,27.0,24.1,33.7,3.0,0.0,0.0,0.0,0.0,0.0,0.0
2020-09-09,28.0,22.9,33.0,10.9,0.0,0.0,0.0,0.0,0.0,0.0
2020-09-10,28.2,23.6,33.7,0.0,0.0,0.0,0.0,0.0,0.0,0.0
2020-09-13,26.6,23.1,33.6,39.1,0.0,0.0,0.0,0.0,0.0,0.0
2020-09-14,27.2,24.2,31.0,31.0,0.0,0.0,0.0,0.0,0.0,0.0
2020-09-15,28.3,23.9,32.2,3.0,0.0,0.0,0.0,0.0,0.0,0.0
2020-09-16,27.3,23.9,33.2,0.0,0.0,0.0,0.0,0.0,0.0,0.0
2020-09-17,28.3,23.6,33.2,2.0,0.0,0.0,0.0,0.0,0.0,0.0
2020-09-18,28.2,24.2,33.8,0.3,0.0,0.0,0.0,0.0,0.0,0.0
2020-09-19,27.9,23.9,33.6,0.0,0.0,0.0,0.0,0.0,0.0,0.0
2020-09-22,27.9,23.4,35.7,4.1,0.0,0.0,0.0,0.0,0.0,0.0
2020-09-23,26.0,23.4,34.4,7.9,0.0,0.0,0.0,0.0,0.0,0.0
2020-09-24,26.1,20.6,30.5,39.9,0.0,0.0,0.0,0.0,0.0,0.0
2020-09-25,26.7,20.6,30.5,0.0,0.0,0.0,0.0,0.0,0.0,0.0
2020-09-26,26.3,21.6,32.5,2.0,0.0,0.0,0.0,0.0,0.0,0.0
2020-09-27,25.6,21.8,32.7,0.0,0.0,0.0,0.0,0.0,0.0,0.0
2020-11-16,15.7,21.8,27.0,11.9,0.0,0.0,0.0,0.0,0.0,0.0
2020-11-17,16.5,9.8,27.0,0.0,0.0,0.0,0.0,0.0,0.0,0.0
2020-11-26,15.6,9.8,27.0,2.0,0.0,0.0,0.0,0.0,0.0,0.0
2020-11-27,15.6,8.8,27.0,0.0,0.0,0.0,0.0,0.0,0.0,0.0
2020-12-12,14.3,8.8,27.0,10.9,0.0,0.0,0.0,0.0,0.0,0.0
2020-12-13,13.9,8.3,22.6,0.0,0.0,0.0,0.0,0.0,0.0,0.0
2020-12-28,11.3,8.3,21.1,2.0,0.0,0.0,0.0,0.0,0.0,0.0
2020-12-29,10.6,5.1,18.8,0.0,0.0,0.0,0.0,0.0,0.0,0.0
2021-01-02,12.1,5.4,18.8,0.2,0.0,0.0,3.9,0.0,1016.9,0.0
2021-01-03,13.4,9.3,20.8,1.0,0.0,0.0,3.7,0.0,1015.3,0.0
2021-01-04,15.8,9.0,24.0,0.3,0.0,0.0,3.9,0.0,1016.8,0.0
2021-01-05,14.4,12.4,24.7,3.0,0.0,0.0,5.1,0.0,1016.9,0.0
2021-01-06,13.9,10.8,20.6,17.0,0.0,0.0,5.1,0.0,1015.8,0.0
2021-01-07,14.3,7.5,23.0,13.0,0.0,0.0,4.1,0.0,1013.8,0.0
2021-01-08,13.8,7.2,25.8,0.0,0.0,0.0,3.2,0.0,1013.7,0.0
2021-01-09,14.9,8.2,26.2,0.0,0.0,0.0,5.4,0.0,1014.3,0.0
2021-01-10,14.1,9.3,23.2,0.0,0.0,0.0,5.8,0.0,1014.0,0.0
2021-01-11,12.1,8.6,20.2,0.0,0.0,0.0,4.4,0.0,1014.3,0.0
2021-01-12,11.1,6.3,18.6,0.0,0.0,0.0,4.1,0.0,1014.9,0.0
2021-01-13,10.2,5.6,17.8,0.0,0.0,0.0,3.4,0.0,1014.7,0.0
2021-01-14,10.7,6.3,19.2,0.0,0.0,0.0,3.2,0.0,1016.0,0.0
2021-01-15,12.3,8.2,20.4,0.0,0.0,0.0,3.1,0.0,1014.4,0.0
2021-01-16,11.5,6.4,22.4,0.0,0.0,0.0,3.4,0.0,1012.2,0.0
2021-01-17,11.8,7.8,18.8,0.0,0.0,0.0,3.3,0.0,1015.8,0.0
2021-01-18,12.1,7.3,19.9,0.0,0.0,0.0,4.7,0.0,1016.9,0.0
2021-01-19,13.8,7.9,23.0,0.0,0.0,0.0,4.1,0.0,1012.9,0.0
2021-01-20,12.6,7.8,19.0,0.0,0.0,0.0,4.1,0.0,1012.1,0.0
2021-01-21,12.1,6.0,19.6,0.0,0.0,0.0,3.4,0.0,1011.6,0.0
2021-01-22,11.7,5.8,17.4,0.0,0.0,0.0,3.9,0.0,1015.0,0.0
2021-01-23,13.4,7.8,21.6,0.5,0.0,0.0,3.6,0.0,1013.2,0.0
2021-01-24,12.4,7.2,21.6,0.7,0.0,0.0,3.8,0.0,1014.9,0.0
2021-01-25,12.0,7.3,20.2,0.0,0.0,0.0,4.7,0.0,1016.4,0.0
2021-01-26,11.3,6.6,20.4,0.0,0.0,0.0,4.1,0.0,1016.1,0.0
2021-01-27,11.1,5.3,21.4,0.0,0.0,0.0,3.6,0.0,1015.9,0.0
2021-01-28,10.2,5.6,19.6,0.0,0.0,0.0,4.2,0.0,1017.3,0.0
2021-01-29,10.5,5.0,20.0,0.0,0.0,0.0,3.7,0.0,1017.3,0.0
2021-01-30,10.9,4.6,20.2,0.0,0.0,0.0,3.9,0.0,1015.4,0.0
2021-01-31,10.8,5.4,20.5,0.0,0.0,0.0,4.4,0.0,1016.7,0.0
2021-02-01,11.9,6.3,21.0,0.0,0.0,0.0,4.5,0.0,1018.8,0.0
2021-02-02,13.7,7.4,25.0,0.0,0.0,0.0,4.4,0.0,1017.0,0.0
2021-02-03,14.4,8.0,20.8,0.3,0.0,0.0,4.9,0.0,1017.2,0.0
2021-02-04,11.7,9.0,23.7,0.8,0.0,0.0,7.1,0.0,1017.6,0.0
2021-02-05,10.2,5.4,17.3,20.1,0.0,0.0,4.1,0.0,1017.8,0.0
2021-02-06,12.5,5.5,22.5,0.0,0.0,0.0,4.0,0.0,1017.0,0.0
2021-02-07,13.3,7.1,24.0,0.0,0.0,0.0,3.7,0.0,1016.3,0.0
2021-02-08,14.5,7.8,24.2,0.0,0.0,0.0,3.7,0.0,1016.9,0.0
2021-02-09,15.0,9.4,20.9,0.0,0.0,0.0,4.7,0.0,1014.0,0.0
2021-02-10,14.6,10.0,23.6,0.0,0.0,0.0,5.4,0.0,1013.4,0.0
2021-02-11,15.6,10.0,22.2,0.0,0.0,0.0,5.1,0.0,1013.7,0.0
2021-02-12,15.2,10.3,21.0,0.0,0.0,0.0,5.7,0.0,1014.9,0.0
2021-02-13,15.5,10.0,21.4,0.0,0.0,0.0,4.2,0.0,1014.9,0.0
2021-02-14,15.9,10.6,22.8,0.5,0.0,0.0,3.6,0.0,1014.3,0.0
2021-02-15,16.0,10.7,25.6,0.0,0.0,0.0,3.3,0.0,1012.8,0.0
2021-02-16,15.5,8.6,26.0,0.0,0.0,0.0,3.5,0.0,1012.3,0.0
2021-02-17,16.1,10.0,24.8,0.0,0.0,0.0,4.0,0.0,1014.0,0.0
2021-02-18,16.5,10.2,25.4,0.0,0.0,0.0,3.7,0.0,1016.8,0.0
2021-02-19,16.0,11.0,25.2,0.0,0.0,0.0,4.9,0.0,1019.1,0.0
2021-02-20,17.0,11.8,23.5,0.0,0.0,0.0,5.0,0.0,1018.7,0.0
2021-02-21,17.4,11.8,23.2,0.0,0.0,0.0,4.6,0.0,1016.5,0.0
2021-02-22,17.8,11.5,26.2,0.0,0.0,0.0,4.1,0.0,1014.1,0.0
2021-02-23,18.5,12.7,26.8,0.0,0.0,0.0,4.6,0.0,1012.3,0.0
2021-02-24,19.6,13.9,29.4,0.0,0.0,0.0,4.6,0.0,1010.7,0.0
2021-02-25,19.8,12.8,29.8,0.0,0.0,0.0,5.9,0.0,1009.1,0.0
2021-02-26,20.4,13.0,30.4,0.0,0.0,0.0,5.0,0.0,1006.7,0.0
2021-02-27,21.8,16.3,31.8,2.0,0.0,0.0,5.7,0.0,1007.4,0.0
2021-02-28,19.4,13.7,30.5,0.0,0.0,0.0,7.0,0.0,1010.0,0.0
2021-03-01,16.7,10.4,26.4,0.0,0.0,0.0,5.3,0.0,1012.8,0.0
2021-03-02,16.9,10.2,27.0,0.0,0.0,0.0,4.9,0.0,1012.2,0.0
2021-03-03,18.4,11.8,28.4,0.0,0.0,0.0,4.5,0.0,1011.0,0.0
2021-03-04,18.9,11.8,28.8,0.0,0.0,0.0,4.7,0.0,1011.6,0.0
2021-03-05,19.2,12.3,29.2,0.0,0.0,0.0,6.6,0.0,1009.7,0.0
2021-03-06,19.2,11.6,29.6,0.0,0.0,0.0,5.3,0.0,1009.4,0.0
2021-03-07,22.6,16.1,31.1,0.0,0.0,0.0,6.7,0.0,1010.2,0.0
2021-03-08,22.1,15.8,31.2,9.9,0.0,0.0,7.1,0.0,1012.6,0.0
2021-03-09,21.4,13.8,31.3,0.0,0.0,0.0,5.1,0.0,1012.6,0.0
2021-03-10,20.3,14.6,30.0,0.0,0.0,0.0,4.7,0.0,1012.2,0.0
2021-03-11,20.9,14.1,31.4,0.0,0.0,0.0,3.5,0.0,1013.4,0.0
2021-03-12,19.2,12.5,26.1,0.0,0.0,0.0,4.7,0.0,1015.7,0.0
2021-03-13,20.0,13.7,29.4,0.0,0.0,0.0,5.1,0.0,1015.2,0.0
2021-03-14,20.0,13.6,29.0,0.0,0.0,0.0,4.8,0.0,1011.7,0.0
2021-03-15,20.8,13.8,31.2,0.0,0.0,0.0,4.9,0.0,1010.6,0.0
2021-03-16,21.0,13.4,30.4,0.0,0.0,0.0,4.8,0.0,1010.5,0.0
2021-03-17,21.4,14.1,31.0,0.0,0.0,0.0,5.3,0.0,1009.7,0.0
2021-03-18,21.6,14.0,32.4,0.0,0.0,0.0,4.4,0.0,1010.4,0.0
2021-03-19,22.1,15.8,32.0,0.0,0.0,0.0,4.7,0.0,1009.7,0.0
2021-03-20,21.8,15.5,31.8,0.0,0.0,0.0,5.3,0.0,1008.0,0.0
2021-03-21,21.2,14.7,31.8,0.0,0.0,0.0,4.9,0.0,1008.5,0.0
2021-03-22,21.1,15.0,30.2,0.3,0.0,0.0,7.4,0.0,1012.4,0.0
2021-03-23,19.8,16.0,30.5,0.0,0.0,0.0,6.9,0.0,1014.5,0.0
2021-03-24,21.1,12.7,30.4,0.0,0.0,0.0,5.3,0.0,1013.2,0.0
2021-03-25,19.4,12.0,30.0,0.0,0.0,0.0,4.6,0.0,1011.5,0.0
2021-03-26,20.6,13.3,31.6,0.0,0.0,0.0,4.7,0.0,1010.0,0.0
2021-03-27,22.3,15.2,31.2,0.0,0.0,0.0,4.6,0.0,1008.8,0.0
2021-03-28,22.8,16.7,32.2,0.0,0.0,0.0,4.5,0.0,1007.4,0.0
2021-03-29,23.7,17.9,33.4,0.0,0.0,0.0,4.8,0.0,1005.3,0.0
2021-03-30,24.1,15.2,35.0,0.0,0.0,0.0,4.6,0.0,999.8,0.0
2021-03-31,22.7,14.5,33.0,0.0,0.0,0.0,6.9,0.0,998.8,0.0
2021-04-01,20.3,13.0,30.8,0.0,0.0,0.0,6.8,0.0,1000.6,0.0
2021-04-02,19.7,12.3,29.8,0.0,0.0,0.0,6.3,0.0,1004.9,0.0
2021-04-03,19.9,9.1,31.2,0.0,0.0,0.0,6.0,0.0,1008.0,0.0
2021-04-04,22.3,13.0,33.4,0.1,0.0,0.0,5.4,0.0,1008.6,0.0
2021-04-05,26.4,20.4,36.0,0.1,0.0,0.0,8.4,0.0,1008.2,0.0
2021-04-06,25.7,19.7,32.2,0.0,0.0,0.0,8.3,0.0,1007.7,0.0
2021-04-07,25.5,19.6,34.7,2.0,0.0,0.0,9.0,0.0,1009.9,0.0
2021-04-08,24.1,15.2,33.8,0.0,0.0,0.0,6.0,0.0,1007.7,0.0
2021-04-09,22.8,15.6,33.6,0.0,0.0,0.0,3.9,0.0,1008.7,0.0
2021-04-10,23.2,14.5,34.0,0.0,0.0,0.0,4.5,0.0,1010.1,0.0
2021-04-11,24.3,16.1,35.0,0.0,0.0,0.0,5.2,0.0,1010.4,0.0
2021-04-12,23.9,15.7,34.4,0.0,0.0,0.0,5.1,0.0,1011.3,0.0
2021-04-13,27.6,17.7,35.4,0.0,0.0,0.0,5.5,0.0,1009.0,0.0
2021-04-14,25.8,17.0,36.4,0.0,0.0,0.0,6.7,0.0,1007.4,0.0
2021-04-15,26.2,17.9,37.0,0.0,0.0,0.0,5.1,0.0,1006.9,0.0
2021-04-16,26.5,19.2,34.6,0.1,0.0,0.0,5.6,0.0,1006.6,0.0
2021-04-17,23.8,18.8,36.0,0.3,0.0,0.0,10.2,0.0,1010.6,0.0
2021-04-18,24.3,15.8,32.7,2.0,0.0,0.0,6.6,0.0,1011.2,0.0
2021-04-19,25.3,16.0,34.0,0.0,0.0,0.0,7.1,0.0,1006.2,0.0
2021-04-20,21.9,15.0,29.8,0.3,0.0,0.0,9.5,0.0,1007.4,0.0
2021-04-21,25.5,16.4,31.2,0.3,0.0,0.0,12.4,0.0,1008.6,0.0
2021-04-22,21.4,15.4,32.0,14.0,0.0,0.0,5.6,0.0,1012.3,0.0
2021-04-23,16.3,13.6,28.6,2.0,0.0,0.0,10.0,0.0,1011.1,0.0
2021-04-24,21.6,12.7,30.8,7.9,0.0,0.0,5.6,0.0,1009.7,0.0
2021-04-25,24.9,14.5,34.6,0.5,0.0,0.0,4.5,0.0,1009.0,0.0
2021-04-26,26.3,16.5,35.8,0.0,0.0,0.0,4.3,0.0,1007.3,0.0
2021-04-27,26.9,18.8,37.0,0.0,0.0,0.0,4.9,0.0,1006.4,0.0
2021-04-28,28.2,19.8,38.2,0.0,0.0,0.0,4.5,0.0,1007.0,0.0
2021-04-29,28.0,19.6,38.0,0.0,0.0,0.0,4.6,0.0,1007.6,0.0
2021-04-30,27.7,20.6,36.2,0.0,0.0,0.0,5.7,0.0,1007.5,0.0
2021-05-01,26.6,20.0,34.8,0.0,0.0,0.0,4.3,0.0,1007.6,0.0
2021-05-02,26.3,20.5,34.2,0.0,0.0,0.0,5.6,0.0,1008.3,0.0
2021-05-03,26.3,20.0,35.2,0.0,0.0,0.0,5.1,0.0,1006.6,0.0
2021-05-04,28.1,22.0,34.6,0.0,0.0,0.0,4.5,0.0,1005.7,0.0
2021-05-05,26.1,20.7,35.2,0.3,0.0,0.0,3.8,0.0,1006.8,0.0
2021-05-06,25.2,20.4,33.0,1.0,0.0,0.0,5.7,0.0,1008.6,0.0
2021-05-07,27.6,18.8,33.6,7.1,0.0,0.0,3.2,0.0,1009.8,0.0
2021-05-08,26.3,18.7,33.1,0.0,0.0,0.0,4.1,0.0,1008.4,0.0
2021-05-09,24.8,19.4,33.2,0.0,0.0,0.0,3.5,0.0,1007.4,0.0
2021-05-10,26.7,19.2,34.4,4.1,0.0,0.0,3.7,0.0,1005.3,0.0
2021-05-11,26.5,21.1,35.0,0.0,0.0,0.0,3.8,0.0,1004.4,0.0
2021-05-12,24.6,20.2,35.2,0.3,0.0,0.0,3.9,0.0,1003.0,0.0
2021-05-13,21.1,17.9,32.0,1.0,0.0,0.0,3.7,0.0,1004.9,0.0
2021-05-14,25.0,16.1,32.4,19.1,0.0,0.0,4.1,0.0,1004.0,0.0
2021-05-15,26.6,19.8,34.0,0.0,0.0,0.0,4.2,0.0,1004.9,0.0
2021-05-16,26.6,19.0,36.4,0.0,0.0,0.0,4.1,0.0,1006.3,0.0
2021-05-17,27.9,20.4,35.2,0.0,0.0,0.0,4.8,0.0,1005.6,0.0
2021-05-18,25.8,22.5,30.8,0.3,0.0,0.0,4.9,0.0,1006.3,0.0
2021-05-19,22.2,20.2,31.2,0.5,0.0,0.0,3.2,0.0,1004.8,0.0
2021-05-20,20.9,17.9,26.6,48.0,0.0,0.0,2.7,0.0,1002.3,0.0
2021-05-21,23.9,18.4,30.2,31.0,0.0,0.0,3.8,0.0,1004.9,0.0
2021-05-22,27.0,20.2,33.6,0.0,0.0,0.0,4.2,0.0,1004.2,0.0
2021-05-23,25.7,20.2,32.6,0.0,0.0,0.0,5.0,0.0,1004.8,0.0
2021-05-24,26.5,20.6,34.0,0.0,0.0,0.0,4.4,0.0,1003.6,0.0
2021-05-25,27.0,19.7,36.6,0.0,0.0,0.0,4.0,0.0,1001.0,0.0
2021-05-26,27.2,19.6,35.4,0.0,0.0,0.0,4.6,0.0,1000.1,0.0
2021-05-27,27.9,21.6,35.2,0.0,0.0,0.0,4.7,0.0,1000.3,0.0
2021-05-28,27.6,21.8,33.6,0.0,0.0,0.0,3.9,0.0,1001.8,0.0
2021-05-29,26.3,19.7,33.9,40.9,0.0,0.0,4.6,0.0,1004.2,0.0
2021-05-30,27.9,19.8,33.0,11.9,0.0,0.0,3.6,0.0,1003.8,0.0
2021-05-31,28.0,24.0,34.0,0.5,0.0,0.0,4.7,0.0,1000.7,0.0
2021-06-01,25.3,19.7,34.6,8.9,0.0,0.0,4.9,0.0,1003.1,0.0
2021-06-02,25.7,20.6,33.9,0.0,0.0,0.0,3.4,0.0,1004.9,0.0
2021-06-03,27.6,19.5,34.0,6.1,0.0,0.0,3.2,0.0,1005.7,0.0
2021-06-04,28.9,21.8,34.8,0.0,0.0,0.0,4.3,0.0,1005.2,0.0
2021-06-05,28.5,21.6,35.2,2.0,0.0,0.0,3.4,0.0,1003.9,0.0
2021-06-06,29.9,23.2,36.0,0.0,0.0,0.0,3.1,0.0,1003.0,0.0
2021-06-07,28.7,22.3,36.0,0.1,0.0,0.0,4.1,0.0,1000.8,0.0
2021-06-08,30.4,23.8,36.0,0.0,0.0,0.0,4.8,0.0,998.0,0.0
2021-06-09,30.6,25.4,36.4,0.3,0.0,0.0,4.7,0.0,997.3,0.0
2021-06-10,26.3,22.5,36.7,45.0,0.0,0.0,4.0,0.0,999.2,0.0
2021-06-11,28.4,24.5,32.0,0.3,0.0,0.0,4.3,0.0,998.6,0.0
2021-06-12,25.5,19.0,33.2,18.0,0.0,0.0,4.5,0.0,1000.1,0.0
2021-06-13,27.1,22.8,32.4,0.0,0.0,0.0,3.8,0.0,1000.6,0.0
2021-06-14,28.4,22.5,33.4,5.1,0.0,0.0,3.7,0.0,997.9,0.0
2021-06-15,27.7,22.3,33.5,0.0,0.0,0.0,4.4,0.0,994.4,0.0
2021-06-16,26.1,22.7,33.7,0.0,0.0,0.0,3.4,0.0,998.0,0.0
2021-06-17,26.2,23.2,33.4,8.9,0.0,0.0,3.5,0.0,1000.6,0.0
2021-06-18,24.2,22.4,33.8,5.1,0.0,0.0,3.8,0.0,1001.8,0.0
2021-06-19,23.1,22.5,28.4,22.1,0.0,0.0,3.7,0.0,1001.6,0.0
2021-06-20,24.5,21.7,28.6,26.9,0.0,0.0,3.7,0.0,1001.9,0.0
2021-06-21,28.3,23.0,32.0,4.1,0.0,0.0,3.5,0.0,1001.9,0.0
2021-06-22,29.5,24.5,34.0,0.0,0.0,0.0,4.2,0.0,1001.0,0.0
2021-06-23,27.9,24.1,34.2,0.4,0.0,0.0,3.9,0.0,1002.0,0.0
2021-06-24,27.8,23.1,34.7,0.8,0.0,0.0,3.2,0.0,1002.1,0.0
2021-06-25,28.3,22.5,34.1,0.0,0.0,0.0,4.1,0.0,1000.6,0.0
2021-06-26,28.1,20.5,35.0,20.1,0.0,0.0,4.0,0.0,1002.2,0.0
2021-06-27,29.4,24.3,34.0,0.0,0.0,0.0,3.4,0.0,1005.1,0.0
2021-06-28,27.9,24.2,33.0,2.8,0.0,0.0,2.7,0.0,1003.8,0.0
2021-06-29,29.6,24.2,35.2,0.0,0.0,0.0,4.3,0.0,999.4,0.0
2021-06-30,30.4,24.2,37.0,0.0,0.0,0.0,4.8,0.0,995.7,0.0
2021-07-01,30.0,25.4,35.2,0.0,0.0,0.0,4.4,0.0,995.1,0.0
2021-07-02,28.9,24.0,34.8,1.6,0.0,0.0,3.4,0.0,997.2,0.0
2021-07-03,27.7,23.4,33.4,1.6,0.0,0.0,4.0,0.0,1000.4,0.0
2021-07-04,26.8,23.6,34.3,1.0,0.0,0.0,4.2,0.0,1001.8,0.0
2021-07-05,29.1,20.5,33.8,65.0,0.0,0.0,4.5,0.0,1002.3,0.0
2021-07-06,28.7,24.5,34.8,2.0,0.0,0.0,4.7,0.0,1000.2,0.0
2021-07-07,30.0,24.8,35.6,6.1,0.0,0.0,4.9,0.0,998.5,0.0
2021-07-08,27.5,23.8,35.4,0.0,0.0,0.0,4.5,0.0,999.5,0.0
2021-07-09,29.3,23.0,35.2,27.9,0.0,0.0,3.3,0.0,1001.6,0.0
2021-07-10,29.8,26.2,34.6,0.0,0.0,0.0,3.1,0.0,1001.2,0.0
2021-07-11,27.8,24.3,33.3,0.5,0.0,0.0,4.2,0.0,1003.2,0.0
2021-07-12,26.9,23.5,31.8,53.1,0.0,0.0,2.9,0.0,1005.1,0.0
2021-07-13,24.5,23.6,33.2,15.0,0.0,0.0,2.1,0.0,1004.6,0.0
2021-07-14,25.9,22.8,30.3,23.1,0.0,0.0,3.2,0.0,1003.4,0.0
2021-07-15,26.4,22.8,30.0,0.5,0.0,0.0,3.6,0.0,1004.1,0.0
2021-07-16,29.1,23.7,33.0,0.3,0.0,0.0,3.5,0.0,1005.4,0.0
2021-07-17,27.0,23.5,34.6,39.1,0.0,0.0,4.0,0.0,1002.4,0.0
2021-07-18,24.6,24.0,30.6,80.0,0.0,0.0,5.5,0.0,999.9,0.0
2021-07-19,24.4,23.1,25.8,66.0,0.0,0.0,3.8,0.0,999.4,0.0
2021-07-20,26.1,23.3,28.8,18.0,0.0,0.0,2.6,0.0,998.7,0.0
2021-07-21,27.1,23.4,32.6,5.1,0.0,0.0,3.4,0.0,997.5,0.0
2021-07-22,26.3,23.0,33.0,125.0,0.0,0.0,3.4,0.0,997.5,0.0
2021-07-23,29.0,24.8,35.4,1.0,0.0,0.0,2.9,0.0,998.4,0.0
2021-07-24,29.0,25.0,34.4,0.0,0.0,0.0,2.7,0.0,999.3,0.0
2021-07-25,26.6,24.7,34.4,24.9,0.0,0.0,2.6,0.0,999.1,0.0
2021-07-26,25.0,24.0,29.0,37.1,0.0,0.0,4.0,0.0,998.3,0.0
2021-07-27,26.7,24.1,30.0,13.0,0.0,0.0,4.7,0.0,995.6,0.0
2021-07-28,24.8,22.7,30.5,117.1,0.0,0.0,4.4,0.0,997.2,0.0
2021-07-29,26.4,23.5,30.2,9.9,0.0,0.0,2.9,0.0,997.7,0.0
2021-07-30,26.8,23.4,31.8,35.1,0.0,0.0,3.2,0.0,999.2,0.0
2021-07-31,28.2,23.4,32.8,20.1,0.0,0.0,3.0,0.0,999.7,0.0
2021-08-01,26.6,23.8,33.4,0.5,0.0,0.0,3.6,0.0,998.0,0.0
2021-08-02,27.1,24.2,31.2,9.9,0.0,0.0,3.6,0.0,999.3,0.0
2021-08-03,27.0,23.6,31.8,0.3,0.0,0.0,4.0,0.0,1000.7,0.0
2021-08-04,27.1,25.2,31.7,17.0,0.0,0.0,3.1,0.0,1001.4,0.0
2021-08-05,25.3,22.7,32.7,58.9,0.0,0.0,2.6,0.0,1001.1,0.0
2021-08-06,28.4,24.1,33.6,1.0,0.0,0.0,3.3,0.0,1000.6,0.0
2021-08-07,27.9,25.0,34.4,1.0,0.0,0.0,2.8,0.0,1002.2,0.0
2021-08-08,27.1,24.0,33.1,19.1,0.0,0.0,2.7,0.0,1003.8,0.0
2021-08-09,26.2,22.0,32.8,26.9,0.0,0.0,2.4,0.0,1003.9,0.0
2021-08-10,26.9,22.1,31.2,7.9,0.0,0.0,4.5,0.0,1001.3,0.0
2021-08-11,27.3,24.0,32.8,0.0,0.0,0.0,4.3,0.0,1001.2,0.0
2021-08-12,27.0,24.7,32.8,0.0,0.0,0.0,4.4,0.0,1002.9,0.0
2021-08-13,25.8,23.2,31.0,1.0,0.0,0.0,3.7,0.0,1001.5,0.0
2021-08-14,26.8,23.4,31.8,9.9,0.0,0.0,4.1,0.0,999.1,0.0
2021-08-15,27.3,23.5,33.4,0.0,0.0,0.0,4.4,0.0,1000.6,0.0
2021-08-16,28.1,22.3,33.8,0.5,0.0,0.0,4.3,0.0,1003.8,0.0
2021-08-17,28.9,23.9,33.4,0.0,0.0,0.0,4.0,0.0,1003.5,0.0
2021-08-18,27.3,24.1,33.8,1.8,0.0,0.0,3.6,0.0,1002.1,0.0
2021-08-19,27.1,23.6,34.2,56.9,0.0,0.0,3.5,0.0,1002.0,0.0
2021-08-20,24.1,23.6,31.1,25.9,0.0,0.0,2.7,0.0,1004.8,0.0
2021-08-21,26.1,23.4,29.4,17.0,0.0,0.0,2.9,0.0,1006.6,0.0
2021-08-22,27.5,24.1,30.4,0.5,0.0,0.0,3.1,0.0,1005.7,0.0
2021-08-23,27.8,23.6,33.6,0.0,0.0,0.0,3.6,0.0,1002.9,0.0
2021-08-24,26.7,24.6,34.0,5.1,0.0,0.0,3.2,0.0,1001.5,0.0
2021-08-25,25.7,23.7,31.2,18.0,0.0,0.0,3.0,0.0,999.1,0.0
2021-08-26,27.0,24.3,30.0,89.9,0.0,0.0,3.4,0.0,997.9,0.0
2021-08-27,25.4,23.6,32.4,2.0,0.0,0.0,3.8,0.0,1000.8,0.0
2021-08-28,24.2,22.4,29.4,36.1,0.0,0.0,3.8,0.0,1002.5,0.0
2021-08-29,25.5,22.1,29.2,4.1,0.0,0.0,3.3,0.0,1003.1,0.0
2021-08-30,26.9,22.2,30.8,68.1,0.0,0.0,5.0,0.0,1006.4,0.0
2021-08-31,26.8,22.2,32.1,0.0,0.0,0.0,2.8,0.0,1008.3,0.0
2021-09-01,25.0,22.8,27.8,0.9,0.0,0.0,2.7,0.0,1007.7,0.0
2021-09-02,26.8,22.8,31.6,0.8,0.0,0.0,2.2,0.0,1005.3,0.0
2021-09-03,26.6,23.0,32.4,0.3,0.0,0.0,2.7,0.0,1004.4,0.0
2021-09-04,25.3,23.1,32.2,2.0,0.0,0.0,2.5,0.0,1003.3,0.0
2021-09-05,27.5,22.6,31.6,26.9,0.0,0.0,2.5,0.0,1003.3,0.0
2021-09-06,28.6,25.0,32.8,0.0,0.0,0.0,3.5,0.0,1005.0,0.0
2021-09-07,27.3,24.0,32.9,4.1,0.0,0.0,3.0,0.0,1007.3,0.0
2021-09-08,26.3,22.9,31.6,18.0,0.0,0.0,3.2,0.0,1006.4,0.0
2021-09-09,26.3,22.6,32.9,2.0,0.0,0.0,2.7,0.0,1005.0,0.0
2021-09-10,26.0,22.0,33.6,112.0,0.0,0.0,2.8,0.0,1005.2,0.0
2021-09-11,25.7,23.7,32.2,0.5,0.0,0.0,3.5,0.0,1005.1,0.0
2021-09-12,26.5,22.9,30.0,2.0,0.0,0.0,2.6,0.0,1002.8,0.0
2021-09-13,26.0,22.9,32.8,0.0,0.0,0.0,3.3,0.0,1002.8,0.0
2021-09-14,25.7,22.6,33.9,72.9,0.0,0.0,4.6,0.0,1005.5,0.0
2021-09-15,27.1,22.1,31.8,4.1,0.0,0.0,6.1,0.0,1005.4,0.0
2021-09-16,25.9,22.3,32.1,0.0,0.0,0.0,4.5,0.0,1003.8,0.0
2021-09-17,25.9,22.8,32.0,25.9,0.0,0.0,4.5,0.0,1003.6,0.0
2021-09-18,26.9,22.1,30.4,0.3,0.0,0.0,4.0,0.0,1005.9,0.0
2021-09-19,27.5,22.5,31.4,0.0,0.0,0.0,2.6,0.0,1007.6,0.0
2021-09-20,26.4,23.0,32.4,34.0,0.0,0.0,3.1,0.0,1007.0,0.0
2021-09-21,25.4,22.5,32.7,14.0,0.0,0.0,2.9,0.0,1006.1,0.0
2021-09-22,25.3,21.5,29.7,17.0,0.0,0.0,2.7,0.0,1006.1,0.0
2021-09-23,24.7,22.4,30.0,0.0,0.0,0.0,3.4,0.0,1007.7,0.0
2021-09-24,26.1,22.0,31.0,24.9,0.0,0.0,3.3,0.0,1008.0,0.0
2021-09-25,27.3,22.8,32.4,0.0,0.0,0.0,2.6,0.0,1006.4,0.0
2021-09-26,24.8,21.2,31.0,0.9,0.0,0.0,2.5,0.0,1006.8,0.0
2021-09-27,26.3,20.8,32.8,0.1,0.0,0.0,2.7,0.0,1006.7,0.0
2021-09-28,25.9,21.4,32.6,0.3,0.0,0.0,2.8,0.0,1008.0,0.0
2021-09-29,25.3,22.1,31.6,1.1,0.0,0.0,3.0,0.0,1009.2,0.0
2021-09-30,24.9,21.7,30.0,6.5,0.0,0.0,3.3,0.0,1010.2,0.0
2021-10-01,25.0,21.4,30.2,7.6,0.0,0.0,3.0,0.0,1009.3,0.0
2021-10-02,24.9,21.6,29.2,2.4,0.0,0.0,3.9,0.0,1007.4,0.0
2021-10-03,25.2,22.0,30.4,0.3,0.0,0.0,3.9,0.0,1005.1,0.0
2021-10-04,25.1,20.8,30.4,0.6,0.0,0.0,4.1,0.0,1005.0,0.0
2021-10-05,24.7,21.0,30.8,0.2,0.0,0.0,3.7,0.0,1008.4,0.0
2021-10-06,25.3,20.8,31.4,0.0,0.0,0.0,3.7,0.0,1008.1,0.0
2021-10-07,25.5,20.6,31.9,0.0,0.0,0.0,3.3,0.0,1006.3,0.0
2021-10-08,24.3,19.6,31.0,0.0,0.0,0.0,3.3,0.0,1005.2,0.0
2021-10-09,24.3,19.4,30.4,0.0,0.0,0.0,4.0,0.0,1005.4,0.0
2021-10-10,24.0,17.8,31.0,0.0,0.0,0.0,3.7,0.0,1006.4,0.0
2021-10-11,24.1,19.3,31.0,0.0,0.0,0.0,3.6,0.0,1006.5,0.0
2021-10-12,24.1,19.4,32.2,0.0,0.0,0.0,3.5,0.0,1006.5,0.0
2021-10-13,23.0,18.4,31.0,0.0,0.0,0.0,3.4,0.0,1006.7,0.0
2021-10-14,24.0,17.8,32.6,0.0,0.0,0.0,3.9,0.0,1006.1,0.0
2021-10-15,24.7,18.5,33.4,0.0,0.0,0.0,3.8,0.0,1004.5,0.0
2021-10-16,24.9,19.0,32.2,0.0,0.0,0.0,3.6,0.0,1005.8,0.0
2021-10-17,21.2,20.4,34.7,2.0,0.0,0.0,4.1,0.0,1008.0,0.0
2021-10-18,19.4,18.8,22.7,17.0,0.0,0.0,3.9,0.0,1006.2,0.0
2021-10-19,22.0,16.1,28.6,22.1,0.0,0.0,4.7,0.0,1006.8,0.0
2021-10-20,23.3,17.8,29.8,0.0,0.0,0.0,3.3,0.0,1009.6,0.0
2021-10-21,23.4,18.8,30.2,0.0,0.0,0.0,3.6,0.0,1009.1,0.0
2021-10-22,20.9,15.9,29.2,0.0,0.0,0.0,4.3,0.0,1009.9,0.0
2021-10-23,20.8,15.3,28.8,0.0,0.0,0.0,4.1,0.0,1012.8,0.0
2021-10-24,19.7,15.7,25.0,2.0,0.0,0.0,5.4,0.0,1015.1,0.0
2021-10-25,18.8,13.5,26.0,0.0,0.0,0.0,4.3,0.0,1014.2,0.0
2021-10-26,19.3,14.8,27.2,0.1,0.0,0.0,3.6,0.0,1012.7,0.0
2021-10-27,18.8,14.2,27.0,0.0,0.0,0.0,3.3,0.0,1014.5,0.0
2021-10-28,19.2,13.7,28.4,0.0,0.0,0.0,3.3,0.0,1014.6,0.0
2021-10-29,19.6,14.2,28.2,0.0,0.0,0.0,4.0,0.0,1016.4,0.0
2021-10-30,19.2,13.8,27.2,0.0,0.0,0.0,4.1,0.0,1015.0,0.0
2021-10-31,18.6,14.4,26.4,0.0,0.0,0.0,3.8,0.0,1013.1,0.0
2021-11-01,17.8,12.9,26.6,0.0,0.0,0.0,4.0,0.0,1014.0,0.0
2021-11-02,18.4,13.6,27.0,0.0,0.0,0.0,3.7,0.0,1015.8,0.0
2021-11-03,17.7,11.8,26.2,0.0,0.0,0.0,3.9,0.0,1015.1,0.0
2021-11-04,17.6,12.4,26.0,0.0,0.0,0.0,3.6,0.0,1014.0,0.0
2021-11-05,17.4,11.8,26.0,0.0,0.0,0.0,4.1,0.0,1013.6,0.0
2021-11-06,17.6,12.8,25.6,0.0,0.0,0.0,3.7,0.0,1011.1,0.0
2021-11-07,17.9,12.4,26.0,0.0,0.0,0.0,4.0,0.0,1011.2,0.0
2021-11-08,17.7,12.4,25.6,0.0,0.0,0.0,3.2,0.0,1013.2,0.0
2021-11-09,17.7,13.2,26.0,0.0,0.0,0.0,4.2,0.0,1014.3,0.0
2021-11-10,18.1,13.2,25.8,0.0,0.0,0.0,3.8,0.0,1013.7,0.0
2021-11-11,17.8,13.1,26.6,0.0,0.0,0.0,3.8,0.0,1013.1,0.0
2021-11-12,17.7,13.0,26.2,0.0,0.0,0.0,3.9,0.0,1013.3,0.0
2021-11-13,17.1,12.2,25.0,0.0,0.0,0.0,3.7,0.0,1013.3,0.0
2021-11-14,16.6,12.2,25.0,0.0,0.0,0.0,3.7,0.0,1012.6,0.0
2021-11-15,15.8,11.3,24.0,0.0,0.0,0.0,3.4,0.0,1011.9,0.0
2021-11-16,16.5,11.4,25.2,0.0,0.0,0.0,3.2,0.0,1012.5,0.0
2021-11-17,16.2,11.0,23.6,0.0,0.0,0.0,3.6,0.0,1015.2,0.0
2021-11-18,15.9,11.0,24.4,0.0,0.0,0.0,3.3,0.0,1014.0,0.0
2021-11-19,16.1,10.2,25.6,0.0,0.0,0.0,3.3,0.0,1011.4,0.0
2021-11-20,16.7,11.5,26.2,0.0,0.0,0.0,3.7,0.0,1011.3,0.0
2021-11-21,17.3,12.1,26.8,0.0,0.0,0.0,4.2,0.0,1012.5,0.0
2021-11-22,16.7,12.4,25.4,0.0,0.0,0.0,4.0,0.0,1011.4,0.0
2021-11-23,16.1,11.2,23.8,0.0,0.0,0.0,3.6,0.0,1010.8,0.0
2021-11-24,15.1,9.8,23.6,0.0,0.0,0.0,4.1,0.0,1014.0,0.0
2021-11-25,15.4,10.9,24.0,0.0,0.0,0.0,3.5,0.0,1014.7,0.0
2021-11-26,14.8,9.9,23.4,0.0,0.0,0.0,3.8,0.0,1014.6,0.0
2021-11-27,14.9,9.7,23.2,0.0,0.0,0.0,3.5,0.0,1016.1,0.0
2021-11-28,15.0,10.2,24.0,0.0,0.0,0.0,3.9,0.0,1017.6,0.0
2021-11-29,15.4,9.8,23.6,0.0,0.0,0.0,4.3,0.0,1017.1,0.0
2021-11-30,15.6,10.4,24.6,0.0,0.0,0.0,4.2,0.0,1016.1,0.0
2021-12-01,15.4,12.0,20.0,0.0,0.0,0.0,2.7,0.0,1017.4,0.0
2021-12-02,15.9,13.0,19.9,0.1,0.0,0.0,4.0,0.0,1016.5,0.0
2021-12-03,16.7,13.0,21.4,1.5,0.0,0.0,3.9,0.0,1017.1,0.0
2021-12-04,16.6,12.1,25.4,0.0,0.0,0.0,3.6,0.0,1016.1,0.0
2021-12-05,16.1,12.1,23.2,0.1,0.0,0.0,4.2,0.0,1016.8,0.0
2021-12-06,15.1,9.5,25.1,0.5,0.0,0.0,3.6,0.0,1016.6,0.0
2021-12-07,15.1,8.2,24.4,0.0,0.0,0.0,3.9,0.0,1016.8,0.0
2021-12-08,14.8,9.2,25.0,0.0,0.0,0.0,3.8,0.0,1016.5,0.0
2021-12-09,14.5,10.0,22.6,0.0,0.0,0.0,3.7,0.0,1019.5,0.0
2021-12-10,13.7,9.0,21.6,0.0,0.0,0.0,3.8,0.0,1019.1,0.0
2021-12-11,14.1,8.2,22.4,0.0,0.0,0.0,3.3,0.0,1017.7,0.0
2021-12-12,14.0,8.9,22.8,0.0,0.0,0.0,4.4,0.0,1019.0,0.0
2021-12-13,13.3,8.6,21.6,0.0,0.0,0.0,2.8,0.0,1018.2,0.0
2021-12-14,11.6,6.7,18.8,0.0,0.0,0.0,3.2,0.0,1017.6,0.0
2021-12-15,10.9,5.0,21.8,0.0,0.0,0.0,3.7,0.0,1017.3,0.0
2021-12-16,11.4,5.3,20.6,0.0,0.0,0.0,4.0,0.0,1018.4,0.0
2021-12-17,9.9,5.6,17.6,0.0,0.0,0.0,5.0,0.0,1019.0,0.0
2021-12-18,8.7,2.9,17.0,0.0,0.0,0.0,4.1,0.0,1018.5,0.0
2021-12-19,10.0,5.2,20.6,0.0,0.0,0.0,3.7,0.0,1018.2,0.0
2021-12-20,11.0,4.8,19.8,0.0,0.0,0.0,3.6,0.0,1017.6,0.0
2021-12-21,11.2,6.6,22.0,0.0,0.0,0.0,4.0,0.0,1016.7,0.0
2021-12-22,12.1,6.4,22.8,0.0,0.0,0.0,4.3,0.0,1014.5,0.0
2021-12-23,11.8,7.0,17.8,0.1,0.0,0.0,3.1,0.0,1014.7,0.0
2021-12-24,12.2,7.2,21.0,0.0,0.0,0.0,3.6,0.0,1014.3,0.0
2021-12-25,11.7,6.4,18.4,0.0,0.0,0.0,3.5,0.0,1016.4,0.0
2021-12-26,11.9,7.0,17.0,1.2,0.0,0.0,3.4,0.0,1018.4,0.0
2021-12-27,12.5,5.6,21.8,0.0,0.0,0.0,3.8,0.0,1019.2,0.0
2021-12-28,10.9,4.7,19.0,0.2,0.0,0.0,3.7,0.0,1018.2,0.0
2021-12-29,10.8,6.2,19.2,0.0,0.0,0.0,3.8,0.0,1018.5,0.0
2021-12-30,10.1,4.3,18.8,0.0,0.0,0.0,3.7,0.0,1022.8,0.0
2021-12-31,11.3,6.8,21.0,0.0,0.0,0.0,4.3,0.0,1022.0,0.0
2022-01-01,11.2,6.0,21.0,0.0,0.0,0.0,3.6,0.0,1020.5,0.0
2022-01-02,12.0,7.2,21.0,0.0,0.0,0.0,3.2,0.0,1019.3,0.0
2022-01-03,13.2,7.0,23.0,0.0,0.0,0.0,3.3,0.0,1017.2,0.0
2022-01-04,13.8,10.4,18.2,0.8,0.0,0.0,3.8,0.0,1017.0,0.0
2022-01-05,12.5,10.1,15.4,12.5,0.0,0.0,3.6,0.0,1016.7,0.0
2022-01-06,13.0,8.8,20.0,6.6,0.0,0.0,2.9,0.0,1016.9,0.0
2022-01-07,12.9,9.3,21.6,5.8,0.0,0.0,3.4,0.0,1017.1,0.0
2022-01-08,11.6,9.8,21.8,7.9,0.0,0.0,3.7,0.0,1016.5,0.0
2022-01-09,13.4,8.7,17.4,38.1,0.0,0.0,4.8,0.0,1015.2,0.0
2022-01-10,14.1,10.8,20.6,29.0,0.0,0.0,3.9,0.0,1016.7,0.0
2022-01-11,13.8,9.1,19.9,0.3,0.0,0.0,3.7,0.0,1016.5,0.0
2022-01-12,13.9,10.0,20.9,11.9,0.0,0.0,4.0,0.0,1015.8,0.0
2022-01-13,13.0,9.1,21.2,0.0,0.0,0.0,2.7,0.0,1016.7,0.0
2022-01-14,10.8,5.8,20.0,0.0,0.0,0.0,2.9,0.0,1017.1,0.0
2022-01-15,11.0,5.6,18.2,0.0,0.0,0.0,3.5,0.0,1018.1,0.0
2022-01-16,11.4,7.8,17.0,0.0,0.0,0.0,3.9,0.0,1018.8,0.0
2022-01-17,10.6,7.3,17.0,0.2,0.0,0.0,3.8,0.0,1020.0,0.0
2022-01-18,11.3,6.6,21.6,0.0,0.0,0.0,3.8,0.0,1017.2,0.0
2022-01-19,11.8,6.6,17.4,2.1,0.0,0.0,2.9,0.0,1014.5,0.0
2022-01-20,12.7,10.0,17.7,0.3,0.0,0.0,3.5,0.0,1011.3,0.0
2022-01-21,14.0,9.2,21.2,0.0,0.0,0.0,4.2,0.0,1011.8,0.0
2022-01-22,10.3,5.9,14.0,9.6,0.0,0.0,3.8,0.0,1008.4,0.0
2022-01-23,10.6,9.7,14.6,18.0,0.0,0.0,3.7,0.0,1010.3,0.0
2022-01-24,11.2,9.6,13.9,20.1,0.0,0.0,2.9,0.0,1013.1,0.0
2022-01-25,11.7,8.5,16.0,1.0,0.0,0.0,3.6,0.0,1013.4,0.0
2022-01-26,11.3,5.3,16.4,1.0,0.0,0.0,3.9,0.0,1014.5,0.0
2022-01-27,11.4,6.4,18.0,3.0,0.0,0.0,4.0,0.0,1015.3,0.0
2022-01-28,11.9,6.0,19.2,0.0,0.0,0.0,3.4,0.0,1014.9,0.0
2022-01-29,10.1,4.8,17.4,0.0,0.0,0.0,4.0,0.0,1015.6,0.0
2022-01-30,11.7,5.5,22.6,0.0,0.0,0.0,3.5,0.0,1010.2,0.0
2022-01-31,11.5,7.1,18.2,0.0,0.0,0.0,4.3,0.0,1011.5,0.0
2022-02-01,11.0,5.3,20.0,0.0,0.0,0.0,4.3,0.0,1010.1,0.0
2022-02-02,10.9,5.4,16.7,0.1,0.0,0.0,3.9,0.0,1010.4,0.0
2022-02-03,10.9,9.6,16.9,3.0,0.0,0.0,5.1,0.0,1008.1,0.0
2022-02-04,9.5,7.3,14.2,15.0,0.0,0.0,3.4,0.0,1009.6,0.0
2022-02-05,11.8,5.8,19.0,15.0,0.0,0.0,3.9,0.0,1013.1,0.0
2022-02-06,13.2,6.4,21.0,0.0,0.0,0.0,3.1,0.0,1015.4,0.0
2022-02-07,12.0,5.9,20.4,0.0,0.0,0.0,3.2,0.0,1014.9,0.0
2022-02-08,12.8,7.1,22.4,0.0,0.0,0.0,3.4,0.0,1013.3,0.0
2022-02-09,12.1,6.9,22.9,2.0,0.0,0.0,4.0,0.0,1015.1,0.0
2022-02-10,12.3,6.4,19.0,2.0,0.0,0.0,3.7,0.0,1016.5,0.0
2022-02-11,12.5,6.2,20.4,0.0,0.0,0.0,3.9,0.0,1014.0,0.0
2022-02-12,12.4,6.0,23.0,0.0,0.0,0.0,3.4,0.0,1013.1,0.0
2022-02-13,12.6,6.6,20.4,0.0,0.0,0.0,4.1,0.0,1013.1,0.0
2022-02-14,12.5,6.8,21.2,0.0,0.0,0.0,3.9,0.0,1013.6,0.0
2022-02-15,13.1,7.7,21.0,0.0,0.0,0.0,4.4,0.0,1013.4,0.0
2022-02-16,13.4,7.5,22.0,0.0,0.0,0.0,4.1,0.0,1010.6,0.0
2022-02-17,13.6,7.9,23.0,0.0,0.0,0.0,4.8,0.0,1010.3,0.0
2022-02-18,13.9,7.3,24.2,0.0,0.0,0.0,4.9,0.0,1011.8,0.0
2022-02-19,13.7,7.0,23.6,0.0,0.0,0.0,4.8,0.0,1012.3,0.0
2022-02-20,13.3,7.6,22.4,0.0,0.0,0.0,4.6,0.0,1006.2,0.0
2022-02-21,13.5,6.7,23.0,0.0,0.0,0.0,4.4,0.0,1007.4,0.0
2022-02-22,15.2,8.4,23.8,0.4,0.0,0.0,5.1,0.0,1011.8,0.0
2022-02-23,16.4,12.1,25.2,0.3,0.0,0.0,7.7,0.0,1015.4,0.0
2022-02-24,15.9,9.3,23.8,0.0,0.0,0.0,3.7,0.0,1016.0,0.0
2022-02-25,16.2,8.4,23.8,4.1,0.0,0.0,3.9,0.0,1016.6,0.0
2022-02-26,13.1,10.1,25.3,0.3,0.0,0.0,6.9,0.0,1018.5,0.0
2022-02-27,15.7,9.1,22.4,5.1,0.0,0.0,4.3,0.0,1018.0,0.0
2022-02-28,16.6,8.4,24.9,0.0,0.0,0.0,3.8,0.0,1015.1,0.0
2022-03-01,16.8,11.1,25.2,0.5,0.0,0.0,3.7,0.0,1015.6,0.0
2022-03-02,16.8,11.3,26.4,0.0,0.0,0.0,4.0,0.0,1015.7,0.0
2022-03-03,16.1,11.4,25.0,2.9,0.0,0.0,5.8,0.0,1015.6,0.0
2022-03-04,16.6,9.7,26.2,0.0,0.0,0.0,4.3,0.0,1015.2,0.0
2022-03-05,16.9,9.3,26.2,0.0,0.0,0.0,3.7,0.0,1012.8,0.0
2022-03-06,17.7,13.6,24.4,0.0,0.0,0.0,4.1,0.0,1012.7,0.0
2022-03-07,18.7,13.3,25.2,0.0,0.0,0.0,3.3,0.0,1015.1,0.0
2022-03-08,18.9,12.5,29.0,0.0,0.0,0.0,3.9,0.0,1013.3,0.0
2022-03-09,19.7,12.5,29.8,0.0,0.0,0.0,4.6,0.0,1011.8,0.0
2022-03-10,19.7,13.2,29.2,0.1,0.0,0.0,4.0,0.0,1011.3,0.0
2022-03-11,19.6,13.1,27.2,0.0,0.0,0.0,4.6,0.0,1011.9,0.0
2022-03-12,20.1,12.6,29.4,0.0,0.0,0.0,4.2,0.0,1010.2,0.0
2022-03-13,21.5,15.6,29.6,0.0,0.0,0.0,4.1,0.0,1010.3,0.0
2022-03-14,22.0,16.1,30.6,0.0,0.0,0.0,4.1,0.0,1010.2,0.0
2022-03-15,22.9,17.2,31.0,0.0,0.0,0.0,4.1,0.0,1007.4,0.0
2022-03-16,23.2,15.0,32.2,0.0,0.0,0.0,3.9,0.0,1004.4,0.0
2022-03-17,24.0,18.4,30.8,0.0,0.0,0.0,4.3,0.0,1007.0,0.0
2022-03-18,24.8,18.1,32.0,0.0,0.0,0.0,3.2,0.0,1008.4,0.0
2022-03-19,24.7,19.5,32.2,0.0,0.0,0.0,3.7,0.0,1006.0,0.0
2022-03-20,24.3,18.1,32.6,0.0,0.0,0.0,3.7,0.0,1004.7,0.0
2022-03-21,23.8,16.5,34.0,0.0,0.0,0.0,4.4,0.0,1005.9,0.0
2022-03-22,23.1,14.5,33.2,0.0,0.0,0.0,4.7,0.0,1005.4,0.0
2022-03-23,23.9,17.5,32.0,0.0,0.0,0.0,4.7,0.0,1006.1,0.0
2022-03-24,23.2,16.2,33.4,0.1,0.0,0.0,3.5,0.0,1005.2,0.0
2022-03-25,22.3,15.5,32.2,0.0,0.0,0.0,5.4,0.0,1005.5,0.0
2022-03-26,22.0,14.8,32.2,0.0,0.0,0.0,4.6,0.0,1006.9,0.0
2022-03-27,23.3,16.1,33.2,0.0,0.0,0.0,4.6,0.0,1007.1,0.0
2022-03-28,24.1,16.7,33.8,0.0,0.0,0.0,4.2,0.0,1006.9,0.0
2022-03-29,25.2,17.6,35.0,0.0,0.0,0.0,5.1,0.0,1004.6,0.0
2022-03-30,24.3,17.3,34.4,0.0,0.0,0.0,4.9,0.0,1005.7,0.0
2022-03-31,24.5,15.6,35.2,0.0,0.0,0.0,4.1,0.0,1006.6,0.0
2022-04-01,24.7,17.3,35.2,0.0,0.0,0.0,4.8,0.0,1005.7,0.0
2022-04-02,24.9,18.6,34.4,0.0,0.0,0.0,4.6,0.0,1007.8,0.0
2022-04-03,24.3,15.0,35.2,0.0,0.0,0.0,4.8,0.0,1007.9,0.0
2022-04-04,24.5,15.9,35.8,0.0,0.0,0.0,5.3,0.0,1006.6,0.0
2022-04-05,24.8,17.2,35.0,0.0,0.0,0.0,4.7,0.0,1009.5,0.0
2022-04-06,25.3,17.8,36.2,0.0,0.0,0.0,5.0,0.0,1009.3,0.0
2022-04-07,25.5,18.5,35.2,0.0,0.0,0.0,4.2,0.0,1008.4,0.0
2022-04-08,25.8,17.5,36.6,0.0,0.0,0.0,4.8,0.0,1006.2,0.0
2022-04-09,26.1,17.9,36.2,0.0,0.0,0.0,5.3,0.0,1004.8,0.0
2022-04-10,26.8,19.2,35.8,0.0,0.0,0.0,4.5,0.0,1003.7,0.0
2022-04-11,26.7,19.0,35.4,0.0,0.0,0.0,4.2,0.0,1003.0,0.0
2022-04-12,27.3,19.1,36.0,0.0,0.0,0.0,4.3,0.0,1003.8,0.0
2022-04-13,27.1,21.7,36.2,0.0,0.0,0.0,5.1,0.0,1003.5,0.0
2022-04-14,26.7,18.4,36.9,0.0,0.0,0.0,6.8,0.0,1002.8,0.0
2022-04-15,25.3,17.2,36.3,0.5,0.0,0.0,4.8,0.0,1003.2,0.0
2022-04-16,26.6,17.2,35.8,0.0,0.0,0.0,5.5,0.0,1002.7,0.0
2022-04-17,25.3,16.6,35.2,0.0,0.0,0.0,4.9,0.0,1003.5,0.0
2022-04-18,27.2,18.3,37.6,0.0,0.0,0.0,4.2,0.0,1004.9,0.0
2022-04-19,27.8,20.2,38.2,0.0,0.0,0.0,6.4,0.0,1005.9,0.0
2022-04-20,28.2,20.7,38.4,0.0,0.0,0.0,6.3,0.0,1004.2,0.0
2022-04-21,26.1,21.2,32.8,0.4,0.0,0.0,6.7,0.0,1006.1,0.0
2022-04-22,25.7,18.3,34.8,0.0,0.0,0.0,6.0,0.0,1007.5,0.0
2022-04-23,26.0,17.1,36.0,0.0,0.0,0.0,7.3,0.0,1006.7,0.0
2022-04-24,26.5,19.0,36.4,0.0,0.0,0.0,5.5,0.0,1004.1,0.0
2022-04-25,27.3,18.5,37.0,0.0,0.0,0.0,6.4,0.0,1003.0,0.0
2022-04-26,27.3,19.2,37.4,0.0,0.0,0.0,5.4,0.0,1004.2,0.0
2022-04-27,27.7,18.6,37.6,0.0,0.0,0.0,4.8,0.0,1003.5,0.0
2022-04-28,28.7,20.0,38.4,0.0,0.0,0.0,5.8,0.0,1003.6,0.0
2022-04-29,29.3,21.2,38.2,0.0,0.0,0.0,6.5,0.0,1003.1,0.0
2022-04-30,30.5,21.1,38.8,0.0,0.0,0.0,6.3,0.0,1000.7,0.0
2022-05-01,29.8,21.1,38.5,0.0,0.0,0.0,4.5,0.0,1001.5,0.0
2022-05-02,26.9,21.2,34.4,0.2,0.0,0.0,4.0,0.0,1002.5,0.0
2022-05-03,26.9,21.4,34.4,11.2,0.0,0.0,3.7,0.0,1004.4,0.0
2022-05-04,24.7,20.8,33.0,4.0,0.0,0.0,5.2,0.0,1006.9,0.0
2022-05-05,26.1,19.2,34.8,0.0,0.0,0.0,4.1,0.0,1005.3,0.0
2022-05-06,26.6,20.1,33.8,0.0,0.0,0.0,4.5,0.0,1005.2,0.0
2022-05-07,26.5,20.4,35.2,0.3,0.0,0.0,3.9,0.0,1005.3,0.0
2022-05-08,26.8,20.1,34.8,0.9,0.0,0.0,4.8,0.0,1004.3,0.0
2022-05-09,27.0,22.6,35.0,1.5,0.0,0.0,3.9,0.0,1004.6,0.0
2022-05-10,26.0,21.1,33.6,0.9,0.0,0.0,3.9,0.0,1004.8,0.0
2022-05-11,28.6,21.4,34.6,7.1,0.0,0.0,3.2,0.0,1002.2,0.0
2022-05-12,29.7,21.8,35.2,0.0,0.0,0.0,4.0,0.0,1001.2,0.0
2022-05-13,30.2,21.6,36.4,2.0,0.0,0.0,5.6,0.0,998.1,0.0
2022-05-14,31.9,23.7,38.5,0.0,0.0,0.0,5.4,0.0,997.2,0.0
2022-05-15,29.6,22.3,38.4,0.0,0.0,0.0,4.2,0.0,999.0,0.0
2022-05-16,29.2,23.3,38.2,1.2,0.0,0.0,5.4,0.0,999.7,0.0
2022-05-17,28.8,22.0,38.5,0.5,0.0,0.0,4.6,0.0,1001.0,0.0
2022-05-18,25.5,20.4,36.8,0.0,0.0,0.0,4.4,0.0,1002.2,0.0
2022-05-19,29.4,20.8,37.6,7.9,0.0,0.0,4.9,0.0,1001.3,0.0
2022-05-20,30.7,22.2,39.5,0.0,0.0,0.0,4.8,0.0,998.5,0.0
2022-05-21,29.2,22.0,39.5,6.1,0.0,0.0,6.3,0.0,996.5,0.0
2022-05-22,27.9,21.2,36.6,0.0,0.0,0.0,5.0,0.0,995.6,0.0
2022-05-23,23.0,16.9,35.4,24.9,0.0,0.0,5.8,0.0,999.4,0.0
2022-05-24,22.3,18.9,29.4,5.1,0.0,0.0,5.6,0.0,1005.1,0.0
2022-05-25,25.8,17.7,33.2,3.0,0.0,0.0,4.1,0.0,1005.3,0.0
2022-05-26,26.6,17.7,33.2,0.0,0.0,0.0,4.1,0.0,1005.3,0.0
2022-05-27,28.6,21.1,34.6,1.0,0.0,0.0,4.1,0.0,1005.3,0.0
2022-05-28,29.2,23.0,35.4,0.0,0.0,0.0,3.5,0.0,998.1,0.0
2022-05-29,29.7,23.1,35.8,0.5,0.0,0.0,4.2,0.0,998.9,0.0
2022-05-30,30.9,24.6,36.3,0.5,0.0,0.0,4.2,0.0,999.9,0.0
2022-05-31,29.3,23.8,37.9,0.0,0.0,0.0,4.0,0.0,999.5,0.0
2022-06-01,31.1,21.4,38.7,2.0,0.0,0.0,6.6,0.0,999.2,0.0
2022-06-02,30.6,20.7,41.1,0.0,0.0,0.0,6.3,0.0,998.6,0.0
2022-06-03,30.0,21.8,39.8,0.0,0.0,0.0,6.9,0.0,998.0,0.0
2022-06-04,30.3,21.5,40.4,0.0,0.0,0.0,6.1,0.0,998.4,0.0
2022-06-05,30.7,21.6,40.8,0.0,0.0,0.0,5.6,0.0,998.9,0.0
2022-06-06,31.6,23.9,40.4,0.0,0.0,0.0,5.9,0.0,998.2,0.0
2022-06-07,31.9,24.6,40.0,0.0,0.0,0.0,5.8,0.0,997.4,0.0
2022-06-08,32.2,25.4,40.0,0.0,0.0,0.0,7.1,0.0,996.6,0.0
2022-06-09,31.9,24.1,39.6,0.0,0.0,0.0,5.1,0.0,996.0,0.0
2022-06-10,32.0,25.4,40.0,0.0,0.0,0.0,7.0,0.0,996.8,0.0
2022-06-11,30.6,24.1,40.4,0.0,0.0,0.0,7.0,0.0,997.5,0.0
2022-06-12,32.3,23.7,39.9,2.0,0.0,0.0,6.3,0.0,998.3,0.0
2022-06-13,33.6,25.3,41.3,0.0,0.0,0.0,6.9,0.0,999.2,0.0
2022-06-14,32.5,26.0,39.6,0.0,0.0,0.0,6.7,0.0,998.1,0.0
2022-06-15,31.9,25.2,39.0,0.0,0.0,0.0,7.9,0.0,997.6,0.0
2022-06-16,28.6,23.2,39.9,10.9,0.0,0.0,4.4,0.0,999.2,0.0
2022-06-17,26.4,22.0,35.4,5.1,0.0,0.0,4.2,0.0,1000.3,0.0
2022-06-18,23.1,21.9,31.3,0.5,0.0,0.0,3.9,0.0,1002.0,0.0
2022-06-19,25.6,19.0,31.6,5.1,0.0,0.0,3.2,0.0,1000.4,0.0
2022-06-20,26.0,20.4,33.3,16.0,0.0,0.0,3.4,0.0,999.1,0.0
2022-06-21,24.9,19.4,33.3,0.0,0.0,0.0,3.8,0.0,999.2,0.0
2022-06-22,27.6,20.3,33.9,63.0,0.0,0.0,4.6,0.0,1003.1,0.0
2022-06-23,29.2,22.0,36.2,0.0,0.0,0.0,4.4,0.0,1002.7,0.0
2022-06-24,28.9,23.0,36.6,0.0,0.0,0.0,4.1,0.0,1000.4,0.0
2022-06-25,29.6,23.5,35.6,0.0,0.0,0.0,5.0,0.0,998.8,0.0
2022-06-26,29.3,25.0,34.2,3.2,0.0,0.0,3.4,0.0,1001.0,0.0
2022-06-27,28.9,24.5,32.8,11.3,0.0,0.0,3.5,0.0,1002.1,0.0
2022-06-28,29.3,24.2,34.6,3.0,0.0,0.0,4.8,0.0,999.0,0.0
2022-06-29,26.8,23.6,34.4,27.9,0.0,0.0,4.0,0.0,997.3,0.0
2022-06-30,24.9,22.7,30.5,23.9,0.0,0.0,2.7,0.0,999.7,0.0
2022-07-01,27.0,23.3,31.1,2.0,0.0,0.0,3.2,0.0,999.6,0.0
2022-07-02,27.6,24.4,34.2,2.0,0.0,0.0,3.0,0.0,998.3,0.0
2022-07-03,27.9,23.2,34.2,113.0,0.0,0.0,2.5,0.0,1000.0,0.0
2022-07-04,28.2,23.8,34.2,22.1,0.0,0.0,2.9,0.0,999.2,0.0
2022-07-05,29.8,25.1,34.2,8.9,0.0,0.0,3.4,0.0,999.3,0.0
2022-07-06,28.8,22.6,34.5,24.9,0.0,0.0,2.9,0.0,1002.1,0.0
2022-07-07,29.5,25.0,34.7,14.0,0.0,0.0,2.2,0.0,1003.8,0.0
2022-07-08,27.8,24.5,34.7,0.0,0.0,0.0,3.1,0.0,1001.1,0.0
2022-07-09,24.8,23.4,33.5,38.1,0.0,0.0,4.1,0.0,1000.2,0.0
2022-07-10,26.9,22.0,32.0,104.9,0.0,0.0,3.4,0.0,1001.0,0.0
2022-07-11,29.2,23.9,33.8,0.0,0.0,0.0,2.8,0.0,1000.6,0.0
2022-07-12,28.4,24.8,33.8,4.1,0.0,0.0,3.3,0.0,1000.6,0.0
2022-07-13,27.2,25.2,32.8,1.0,0.0,0.0,3.3,0.0,998.9,0.0
2022-07-14,27.6,24.2,34.3,0.5,0.0,0.0,2.6,0.0,998.7,0.0
2022-07-15,29.7,23.2,35.6,0.5,0.0,0.0,3.2,0.0,1000.8,0.0
2022-07-16,29.7,24.5,35.6,0.0,0.0,0.0,3.7,0.0,1001.0,0.0
2022-07-17,28.9,24.0,36.3,4.1,0.0,0.0,4.2,0.0,1003.0,0.0
2022-07-18,29.8,24.7,35.4,3.0,0.0,0.0,3.3,0.0,1001.4,0.0
2022-07-19,27.8,24.6,34.2,0.0,0.0,0.0,3.3,0.0,1000.1,0.0
2022-07-20,25.6,22.6,30.9,32.0,0.0,0.0,3.5,0.0,1000.0,0.0
2022-07-21,27.2,23.5,30.9,5.1,0.0,0.0,3.7,0.0,1002.2,0.0
2022-07-22,26.9,23.5,31.4,18.0,0.0,0.0,1.8,0.0,1004.0,0.0
2022-07-23,27.3,23.9,32.8,3.0,0.0,0.0,2.2,0.0,1003.1,0.0
2022-07-24,27.7,23.7,34.1,4.1,0.0,0.0,2.5,0.0,1002.8,0.0
2022-07-25,27.4,23.7,34.1,29.0,0.0,0.0,2.4,0.0,1005.1,0.0
2022-07-26,27.2,23.0,31.7,25.9,0.0,0.0,2.1,0.0,1006.0,0.0
2022-07-27,26.8,24.5,31.4,4.1,0.0,0.0,2.7,0.0,1005.6,0.0
2022-07-28,27.2,24.2,32.3,1.0,0.0,0.0,2.2,0.0,1006.1,0.0
2022-07-29,26.3,23.5,32.3,11.9,0.0,0.0,2.7,0.0,1004.8,0.0
2022-07-30,24.9,23.0,30.3,45.0,0.0,0.0,2.1,0.0,1003.4,0.0
2022-07-31,24.9,22.7,26.6,67.1,0.0,0.0,2.2,0.0,1001.1,0.0
2022-08-01,26.5,22.5,32.3,38.1,0.0,0.0,2.9,0.0,1000.8,0.0
2022-08-02,26.7,23.7,32.7,8.9,0.0,0.0,3.5,0.0,999.9,0.0
2022-08-03,26.6,22.8,32.7,69.1,0.0,0.0,3.9,0.0,1002.4,0.0
2022-08-04,26.1,23.8,31.7,3.0,0.0,0.0,2.7,0.0,1003.4,0.0
2022-08-05,26.1,24.0,31.4,0.8,0.0,0.0,2.4,0.0,1002.0,0.0
2022-08-06,27.3,22.7,33.1,14.0,0.0,0.0,3.2,0.0,999.3,0.0
2022-08-07,26.6,22.6,33.1,55.9,0.0,0.0,4.1,0.0,1000.1,0.0
2022-08-08,29.7,24.5,36.2,0.5,0.0,0.0,2.9,0.0,999.3,0.0
2022-08-09,29.4,25.8,36.3,0.0,0.0,0.0,3.4,0.0,999.1,0.0
2022-08-10,27.9,24.1,36.3,3.0,0.0,0.0,4.9,0.0,998.6,0.0
2022-08-11,26.1,22.1,35.2,86.1,0.0,0.0,4.7,0.0,1000.7,0.0
2022-08-12,28.3,22.2,32.7,0.3,0.0,0.0,2.9,0.0,1000.4,0.0
2022-08-13,29.7,24.0,34.6,0.0,0.0,0.0,3.3,0.0,999.9,0.0
2022-08-14,26.6,24.3,32.0,15.2,0.0,0.0,3.4,0.0,1002.1,0.0
2022-08-15,25.8,23.6,30.0,1.5,0.0,0.0,4.2,0.0,1003.9,0.0
2022-08-16,26.8,23.2,32.8,0.4,0.0,0.0,2.7,0.0,1003.1,0.0
2022-08-17,29.1,24.4,33.7,0.0,0.0,0.0,3.9,0.0,1003.6,0.0
2022-08-18,27.1,22.6,32.4,2.4,0.0,0.0,3.4,0.0,1001.6,0.0
2022-08-19,27.3,24.9,33.4,8.9,0.0,0.0,4.4,0.0,1000.9,0.0
2022-08-20,25.1,21.6,31.5,50.0,0.0,0.0,3.1,0.0,1003.0,0.0
2022-08-21,28.3,22.6,33.7,6.1,0.0,0.0,2.9,0.0,1000.6,0.0
2022-08-22,28.7,24.0,33.7,0.0,0.0,0.0,3.5,0.0,999.7,0.0
2022-08-23,27.5,23.8,33.4,5.3,0.0,0.0,3.7,0.0,1001.9,0.0
2022-08-24,26.9,23.5,34.4,7.9,0.0,0.0,3.5,0.0,1005.9,0.0
2022-08-25,28.8,23.1,34.6,23.1,0.0,0.0,2.7,0.0,1004.3,0.0
2022-08-26,29.5,24.4,34.6,0.0,0.0,0.0,4.3,0.0,1002.8,0.0
2022-08-27,29.1,25.2,34.1,0.5,0.0,0.0,4.4,0.0,1001.4,0.0
2022-08-28,26.6,22.4,34.1,0.0,0.0,0.0,2.8,0.0,1002.8,0.0
2022-08-29,25.9,23.0,30.8,67.1,0.0,0.0,3.3,0.0,1007.2,0.0
2022-08-30,28.3,23.7,32.9,8.9,0.0,0.0,3.2,0.0,1007.3,0.0
2022-08-31,27.5,25.2,33.1,0.0,0.0,0.0,4.5,0.0,1004.7,0.0
2022-09-01,26.8,23.6,32.2,0.7,0.0,0.0,4.3,0.0,1004.6,0.0
2022-09-02,25.8,23.3,29.8,3.0,0.0,0.0,5.0,0.0,1006.3,0.0
2022-09-03,27.0,23.4,31.5,0.5,0.0,0.0,4.4,0.0,1003.1,0.0
2022-09-04,24.8,21.0,31.6,5.1,0.0,0.0,3.6,0.0,1002.5,0.0
2022-09-05,27.1,20.5,33.2,46.0,0.0,0.0,3.6,0.0,1004.0,0.0
2022-09-06,27.6,22.1,33.2,0.0,0.0,0.0,3.7,0.0,1005.3,0.0
2022-09-07,26.2,21.1,33.0,0.0,0.0,0.0,3.8,0.0,1006.9,0.0
2022-09-08,26.7,21.3,32.4,0.0,0.0,0.0,3.3,0.0,1008.4,0.0
2022-09-09,27.6,24.0,33.2,17.0,0.0,0.0,3.0,0.0,1008.2,0.0
2022-09-10,27.3,23.0,32.8,2.0,0.0,0.0,2.6,0.0,1007.7,0.0
2022-09-11,27.6,23.6,32.9,5.1,0.0,0.0,3.5,0.0,1005.4,0.0
2022-09-12,27.2,23.9,33.4,0.0,0.0,0.0,4.3,0.0,1003.4,0.0
2022-09-13,27.0,22.1,33.4,6.1,0.0,0.0,4.6,0.0,1004.0,0.0
2022-09-14,25.1,23.2,31.6,1.0,0.0,0.0,3.5,0.0,1005.4,0.0
2022-09-15,24.5,21.6,30.2,6.1,0.0,0.0,4.7,0.0,1003.2,0.0
2022-09-16,24.4,21.6,27.1,20.1,0.0,0.0,4.3,0.0,999.7,0.0
2022-09-17,24.1,22.0,27.9,19.1,0.0,0.0,3.8,0.0,1002.2,0.0
2022-09-18,25.6,20.0,30.6,3.0,0.0,0.0,2.6,0.0,1005.3,0.0
2022-09-19,26.4,23.4,32.3,0.3,0.0,0.0,3.1,0.0,1005.6,0.0
2022-09-20,26.4,23.1,33.9,13.0,0.0,0.0,2.9,0.0,1005.7,0.0
2022-09-21,26.0,23.4,33.9,20.1,0.0,0.0,3.5,0.0,1005.5,0.0
2022-09-22,24.5,22.6,33.3,58.9,0.0,0.0,3.0,0.0,1005.1,0.0
2022-09-23,24.3,22.8,28.7,23.1,0.0,0.0,2.6,0.0,1004.9,0.0
2022-09-24,23.9,22.6,26.9,0.0,0.0,0.0,2.3,0.0,1003.9,0.0
2022-09-25,24.2,21.8,28.0,23.9,0.0,0.0,5.4,0.0,1005.2,0.0
2022-09-26,25.0,19.7,30.0,0.0,0.0,0.0,3.8,0.0,1008.2,0.0
2022-09-27,24.1,19.4,31.0,0.7,0.0,0.0,3.2,0.0,1006.4,0.0
2022-09-28,23.8,19.6,31.0,0.0,0.0,0.0,3.4,0.0,1005.7,0.0
2022-09-29,24.1,19.6,31.6,3.5,0.0,0.0,3.2,0.0,1005.8,0.0
2022-09-30,24.6,19.4,32.0,0.6,0.0,0.0,3.7,0.0,1006.1,0.0
2022-10-01,24.3,20.3,31.0,0.6,0.0,0.0,3.2,0.0,1005.5,0.0
2022-10-02,24.5,20.3,31.4,1.4,0.0,0.0,3.7,0.0,1005.5,0.0
2022-10-03,25.3,19.8,33.0,0.0,0.0,0.0,3.2,0.0,1005.8,0.0
2022-10-04,25.2,21.6,30.2,0.9,0.0,0.0,4.3,0.0,1008.2,0.0
2022-10-05,24.8,19.8,32.6,0.8,0.0,0.0,4.2,0.0,1008.2,0.0
2022-10-06,24.4,19.2,31.0,32.0,0.0,0.0,4.1,0.0,1008.6,0.0
2022-10-07,23.4,20.6,30.6,64.0,0.0,0.0,3.2,0.0,1010.3,0.0
2022-10-08,23.4,21.5,28.7,5.1,0.0,0.0,2.3,0.0,1010.9,0.0
2022-10-09,23.3,20.6,27.2,7.1,0.0,0.0,3.0,0.0,1010.4,0.0
2022-10-10,23.9,20.1,29.4,1.0,0.0,0.0,3.4,0.0,1011.1,0.0
2022-10-11,22.2,18.0,30.0,0.5,0.0,0.0,4.7,0.0,1010.4,0.0
2022-10-12,22.9,18.0,27.8,2.0,0.0,0.0,3.2,0.0,1010.7,0.0
2022-10-13,23.9,17.2,30.3,0.0,0.0,0.0,3.7,0.0,1011.5,0.0
2022-10-14,21.4,16.8,30.0,0.0,0.0,0.0,4.1,0.0,1011.2,0.0
2022-10-15,21.7,16.0,30.2,0.0,0.0,0.0,3.4,0.0,1010.9,0.0
2022-10-16,21.4,16.1,29.0,0.0,0.0,0.0,3.5,0.0,1013.1,0.0
2022-10-17,21.3,16.1,29.0,0.0,0.0,0.0,4.3,0.0,1013.3,0.0
2022-10-18,20.8,16.8,28.4,0.9,0.0,0.0,3.3,0.0,1011.8,0.0
2022-10-19,21.0,16.2,29.0,0.0,0.0,0.0,2.8,0.0,1012.2,0.0
2022-10-20,20.6,15.4,28.8,0.0,0.0,0.0,3.5,0.0,1013.9,0.0
2022-10-21,20.1,14.1,29.2,0.0,0.0,0.0,2.8,0.0,1015.6,0.0
2022-10-22,20.3,15.2,28.2,0.0,0.0,0.0,3.3,0.0,1016.3,0.0
2022-10-23,20.1,13.9,30.4,0.0,0.0,0.0,3.3,0.0,1015.1,0.0
2022-10-24,20.2,14.0,29.8,0.0,0.0,0.0,4.1,0.0,1010.6,0.0
2022-10-25,20.2,14.0,29.0,0.0,0.0,0.0,3.2,0.0,1008.0,0.0
2022-10-26,20.3,15.4,27.8,0.0,0.0,0.0,3.5,0.0,1012.5,0.0
2022-10-27,19.3,14.3,26.6,0.0,0.0,0.0,2.9,0.0,1012.9,0.0
2022-10-28,19.6,14.8,26.8,0.0,0.0,0.0,3.9,0.0,1013.1,0.0
2022-10-29,19.2,14.4,26.6,0.0,0.0,0.0,4.3,0.0,1013.9,0.0
2022-10-30,19.7,13.8,29.2,0.0,0.0,0.0,3.2,0.0,1014.0,0.0
2022-10-31,20.0,14.6,28.6,0.0,0.0,0.0,3.4,0.0,1014.0,0.0
2022-11-01,20.0,15.3,28.2,0.0,0.0,0.0,3.6,0.0,1014.7,0.0
2022-11-02,20.1,14.7,28.4,0.0,0.0,0.0,3.4,0.0,1012.4,0.0
2022-11-03,19.9,14.9,26.6,0.0,0.0,0.0,3.3,0.0,1011.4,0.0
2022-11-04,19.8,15.7,25.8,0.0,0.0,0.0,4.1,0.0,1013.7,0.0
2022-11-05,19.7,14.9,27.8,0.0,0.0,0.0,3.1,0.0,1016.0,0.0
2022-11-06,20.3,14.9,28.4,0.0,0.0,0.0,2.9,0.0,1016.0,0.0
2022-11-07,19.5,15.3,26.8,0.0,0.0,0.0,2.8,0.0,1014.8,0.0
2022-11-08,19.4,14.2,25.4,0.0,0.0,0.0,3.6,0.0,1015.3,0.0
2022-11-09,19.0,13.0,25.0,0.0,0.0,0.0,3.2,0.0,1015.6,0.0
2022-11-10,18.7,12.2,26.6,0.0,0.0,0.0,3.0,0.0,1016.5,0.0
2022-11-11,17.0,11.6,26.6,0.0,0.0,0.0,3.8,0.0,1016.1,0.0
2022-11-12,16.9,11.6,25.0,0.0,0.0,0.0,3.6,0.0,1015.1,0.0
2022-11-13,16.7,10.4,26.2,0.0,0.0,0.0,3.7,0.0,1014.0,0.0
2022-11-14,17.6,13.7,24.0,0.8,0.0,0.0,4.4,0.0,1016.0,0.0
2022-11-15,17.9,11.9,26.2,0.0,0.0,0.0,3.2,0.0,1015.2,0.0
2022-11-16,16.5,12.4,25.0,0.0,0.0,0.0,4.3,0.0,1013.8,0.0
2022-11-17,15.2,10.4,24.2,0.0,0.0,0.0,3.5,0.0,1013.0,0.0
2022-11-18,16.1,9.9,25.0,0.0,0.0,0.0,3.5,0.0,1014.9,0.0
2022-11-19,16.1,10.2,25.0,0.0,0.0,0.0,3.4,0.0,1016.1,0.0
2022-11-20,17.1,12.0,26.6,0.0,0.0,0.0,3.6,0.0,1014.0,0.0
2022-11-21,17.0,12.2,26.0,0.0,0.0,0.0,4.2,0.0,1012.5,0.0
2022-11-22,16.3,11.2,25.4,0.0,0.0,0.0,3.9,0.0,1012.4,0.0
2022-11-23,15.6,10.0,24.8,0.0,0.0,0.0,3.8,0.0,1012.8,0.0
2022-11-24,16.4,10.8,25.0,0.0,0.0,0.0,3.7,0.0,1013.0,0.0
2022-11-25,16.5,11.6,25.0,0.0,0.0,0.0,3.7,0.0,1016.1,0.0
2022-11-26,17.4,12.4,26.6,0.0,0.0,0.0,3.6,0.0,1012.3,0.0
2022-11-27,17.0,13.0,26.4,0.0,0.0,0.0,4.3,0.0,1010.7,0.0
2022-11-28,16.4,11.4,25.0,0.0,0.0,0.0,3.5,0.0,1012.6,0.0
2022-11-29,16.2,11.6,24.4,0.0,0.0,0.0,4.0,0.0,1014.6,0.0
2022-11-30,15.7,10.6,24.4,0.0,0.0,0.0,3.2,0.0,1015.5,0.0
2022-12-01,15.7,10.1,25.4,0.0,0.0,0.0,3.5,0.0,1014.3,0.0
2022-12-02,15.7,11.5,23.0,0.0,0.0,0.0,3.5,0.0,1013.9,0.0
2022-12-03,15.6,11.5,24.0,0.0,0.0,0.0,3.4,0.0,1014.7,0.0
2022-12-04,15.4,10.4,24.0,0.0,0.0,0.0,3.4,0.0,1014.7,0.0
2022-12-05,14.6,9.4,23.2,0.0,0.0,0.0,3.5,0.0,1016.4,0.0
2022-12-06,14.6,9.5,24.2,0.0,0.0,0.0,3.9,0.0,1014.6,0.0
2022-12-07,14.4,9.2,23.8,0.0,0.0,0.0,3.5,0.0,1013.6,0.0
2022-12-08,14.6,9.6,22.8,0.0,0.0,0.0,4.2,0.0,1014.8,0.0
2022-12-09,15.1,9.6,25.0,0.0,0.0,0.0,3.6,0.0,1014.2,0.0
2022-12-10,15.6,10.2,25.2,0.0,0.0,0.0,4.1,0.0,1014.4,0.0
2022-12-11,15.5,9.6,27.2,0.0,0.0,0.0,4.1,0.0,1014.5,0.0
2022-12-12,15.4,8.6,26.4,0.0,0.0,0.0,3.6,0.0,1013.4,0.0
2022-12-13,15.3,8.8,26.0,0.0,0.0,0.0,4.1,0.0,1014.2,0.0
2022-12-14,14.6,8.2,24.0,0.0,0.0,0.0,3.2,0.0,1013.9,0.0
2022-12-15,12.9,7.0,20.2,0.0,0.0,0.0,4.8,0.0,1013.6,0.0
2022-12-16,13.3,8.4,22.0,0.0,0.0,0.0,3.3,0.0,1012.8,0.0
2022-12-17,13.1,7.6,21.0,0.0,0.0,0.0,3.7,0.0,1014.8,0.0
2022-12-18,14.0,8.6,23.0,0.0,0.0,0.0,3.5,0.0,1015.6,0.0
2022-12-19,13.2,7.5,23.6,0.0,0.0,0.0,3.4,0.0,1014.0,0.0
2022-12-20,12.6,7.6,20.4,0.0,0.0,0.0,3.9,0.0,1012.9,0.0
2022-12-21,11.8,5.6,22.6,0.0,0.0,0.0,3.9,0.0,1014.4,0.0
2022-12-22,11.7,6.8,22.4,0.0,0.0,0.0,4.1,0.0,1014.2,0.0
2022-12-23,11.4,5.6,21.0,0.0,0.0,0.0,4.3,0.0,1013.9,0.0
2022-12-24,11.6,6.2,20.4,0.0,0.0,0.0,4.9,0.0,1014.7,0.0
2022-12-25,11.9,6.4,21.4,0.0,0.0,0.0,3.6,0.0,1015.1,0.0
2022-12-26,12.9,8.8,22.0,0.0,0.0,0.0,3.4,0.0,1017.1,0.0
2022-12-27,12.8,7.6,22.2,0.0,0.0,0.0,2.9,0.0,1016.2,0.0
2022-12-28,11.6,6.9,21.6,0.0,0.0,0.0,3.6,0.0,1015.1,0.0
2022-12-29,11.2,7.2,14.1,1.5,0.0,0.0,3.6,0.0,1017.7,0.0
2022-12-30,12.7,6.7,19.8,0.0,0.0,0.0,3.0,0.0,1019.3,0.0
2022-12-31,11.9,7.6,21.0,0.0,0.0,0.0,3.5,0.0,1018.2,0.0
2023-01-01,10.6,5.6,17.4,0.0,0.0,0.0,3.6,0.0,1019.5,0.0
2023-01-02,10.1,5.6,16.2,0.0,0.0,0.0,3.2,0.0,1020.7,0.0
2023-01-03,9.7,5.3,18.6,0.0,0.0,0.0,4.2,0.0,1021.3,0.0
2023-01-04,10.0,4.0,21.2,0.0,0.0,0.0,3.6,0.0,1021.0,0.0
2023-01-05,10.2,5.0,21.0,0.0,0.0,0.0,4.1,0.0,1022.0,0.0
2023-01-06,10.6,6.1,19.0,0.0,0.0,0.0,4.3,0.0,1022.3,0.0
2023-01-07,12.4,6.6,22.0,0.0,0.0,0.0,3.9,0.0,1019.5,0.0
2023-01-08,12.8,7.2,23.2,0.0,0.0,0.0,3.5,0.0,1017.5,0.0
2023-01-09,13.3,7.2,23.0,0.0,0.0,0.0,3.5,0.0,1018.9,0.0
2023-01-10,13.1,8.6,24.0,0.0,0.0,0.0,4.5,0.0,1017.3,0.0
2023-01-11,12.2,7.8,17.2,3.2,0.0,0.0,5.1,0.0,1013.9,0.0
2023-01-12,14.0,7.6,22.0,0.0,0.0,0.0,5.2,0.0,1012.9,0.0
2023-01-13,14.9,9.0,23.2,0.3,0.0,0.0,6.3,0.0,1013.7,0.0
2023-01-14,14.7,11.2,22.8,13.0,0.0,0.0,7.0,0.0,1015.0,0.0
2023-01-15,13.5,11.0,21.8,3.0,0.0,0.0,4.9,0.0,1013.4,0.0
2023-01-16,12.3,4.8,19.4,0.0,0.0,0.0,4.6,0.0,1015.4,0.0
2023-01-17,9.5,3.8,16.0,0.0,0.0,0.0,4.2,0.0,1016.0,0.0
2023-01-18,9.9,4.1,18.6,0.0,0.0,0.0,5.0,0.0,1018.1,0.0
2023-01-19,11.8,8.4,16.1,0.3,0.0,0.0,4.6,0.0,1018.5,0.0
2023-01-20,12.0,8.3,17.8,7.9,0.0,0.0,7.2,0.0,1017.3,0.0
2023-01-21,12.9,6.2,22.0,0.0,0.0,0.0,4.3,0.0,1016.8,0.0
2023-01-22,12.0,6.2,22.0,0.0,0.0,0.0,5.0,0.0,1015.8,0.0
2023-01-23,12.9,7.0,23.6,0.0,0.0,0.0,5.7,0.0,1015.7,0.0
2023-01-24,15.5,9.6,25.2,0.0,0.0,0.0,7.0,0.0,1015.0,0.0
2023-01-25,16.3,12.1,23.4,6.1,0.0,0.0,6.1,0.0,1015.9,0.0
2023-01-26,16.4,10.6,24.0,0.0,0.0,0.0,6.2,0.0,1016.6,0.0
2023-01-27,13.9,8.7,25.0,0.0,0.0,0.0,4.7,0.0,1015.9,0.0
2023-01-28,14.0,7.6,25.0,0.0,0.0,0.0,4.4,0.0,1013.3,0.0
2023-01-29,12.9,9.0,15.6,2.2,0.0,0.0,7.6,0.0,1014.4,0.0
2023-01-30,13.4,9.7,16.4,16.0,0.0,0.0,10.8,0.0,1018.3,0.0
2023-01-31,15.0,7.6,22.8,1.0,0.0,0.0,5.9,0.0,1017.3,0.0
2023-02-01,15.8,11.0,24.6,0.0,0.0,0.0,5.0,0.0,1015.3,0.0
2023-02-02,15.1,9.5,25.0,0.0,0.0,0.0,4.7,0.0,1014.0,0.0
2023-02-03,14.5,9.6,22.4,0.0,0.0,0.0,4.3,0.0,1014.4,0.0
2023-02-04,14.9,9.6,24.2,0.0,0.0,0.0,5.1,0.0,1011.9,0.0
2023-02-05,14.6,8.9,23.4,0.0,0.0,0.0,5.3,0.0,1011.0,0.0
2023-02-06,14.4,8.5,22.0,0.0,0.0,0.0,7.0,0.0,1012.3,0.0
2023-02-07,14.8,9.2,24.0,0.0,0.0,0.0,5.8,0.0,1010.4,0.0
2023-02-08,14.3,7.8,24.4,0.0,0.0,0.0,5.6,0.0,1012.2,0.0
2023-02-09,16.0,10.4,25.6,0.2,0.0,0.0,5.3,0.0,1011.9,0.0
2023-02-10,16.5,11.1,25.2,2.1,0.0,0.0,8.5,0.0,1012.2,0.0
2023-02-11,15.8,9.3,25.0,5.4,0.0,0.0,8.3,0.0,1013.3,0.0
2023-02-12,12.7,6.9,21.0,0.0,0.0,0.0,10.5,0.0,1015.7,0.0
2023-02-13,11.9,3.7,22.6,0.0,0.0,0.0,5.0,0.0,1012.8,0.0
2023-02-14,13.9,7.8,22.8,0.0,0.0,0.0,5.4,0.0,1014.4,0.0
2023-02-15,15.6,9.0,23.6,0.0,0.0,0.0,6.2,0.0,1011.8,0.0
2023-02-16,16.7,10.1,26.0,0.0,0.0,0.0,5.8,0.0,1014.7,0.0
2023-02-17,17.5,11.5,26.8,0.0,0.0,0.0,5.5,0.0,1016.0,0.0
2023-02-18,17.9,11.8,27.4,0.0,0.0,0.0,6.1,0.0,1015.0,0.0
2023-02-19,18.1,12.3,27.2,0.0,0.0,0.0,5.7,0.0,1014.2,0.0
2023-02-20,19.2,13.0,28.2,0.0,0.0,0.0,6.4,0.0,1011.8,0.0
2023-02-21,19.2,11.6,29.0,1.0,0.0,0.0,8.3,0.0,1011.1,0.0
2023-02-22,17.2,10.6,26.4,0.0,0.0,0.0,8.0,0.0,1012.0,0.0
2023-02-23,17.6,11.3,28.0,0.0,0.0,0.0,5.6,0.0,1011.2,0.0
2023-02-24,18.0,11.6,27.2,0.0,0.0,0.0,5.7,0.0,1013.2,0.0
2023-02-25,18.5,12.6,27.0,0.0,0.0,0.0,5.3,0.0,1015.6,0.0
2023-02-26,18.1,12.8,27.2,0.0,0.0,0.0,5.7,0.0,1018.2,0.0
2023-02-27,17.7,11.7,27.6,0.0,0.0,0.0,6.2,0.0,1017.3,0.0
2023-02-28,17.2,10.8,25.8,1.7,0.0,0.0,8.3,0.0,1017.5,0.0
2023-03-01,18.5,12.0,29.4,0.0,0.0,0.0,8.6,0.0,1019.2,0.0
2023-03-02,18.6,11.2,29.6,0.0,0.0,0.0,7.0,0.0,1018.2,0.0
2023-03-03,19.6,13.1,29.6,0.0,0.0,0.0,8.4,0.0,1018.4,0.0
2023-03-04,19.9,14.1,29.0,0.2,0.0,0.0,6.3,0.0,1018.1,0.0
2023-03-05,19.6,13.4,29.0,0.0,0.0,0.0,6.4,0.0,1017.3,0.0
2023-03-06,19.0,12.3,28.6,0.0,0.0,0.0,5.6,0.0,1014.9,0.0
2023-03-07,19.4,13.6,28.8,0.0,0.0,0.0,5.9,0.0,1014.8,0.0
2023-03-08,18.7,13.6,27.4,0.2,0.0,0.0,5.9,0.0,1016.3,0.0
2023-03-09,18.7,11.9,28.2,0.0,0.0,0.0,6.0,0.0,1016.3,0.0
2023-03-10,19.8,13.1,29.0,0.0,0.0,0.0,5.9,0.0,1014.8,0.0
2023-03-11,20.4,14.6,29.2,0.0,0.0,0.0,5.3,0.0,1014.8,0.0
2023-03-12,20.7,15.0,28.6,0.8,0.0,0.0,5.7,0.0,1014.6,0.0
2023-03-13,20.4,15.5,28.0,0.0,0.0,0.0,5.3,0.0,1013.3,0.0
2023-03-14,20.3,14.2,30.0,0.2,0.0,0.0,5.5,0.0,1010.1,0.0
2023-03-15,20.0,13.2,29.0,0.0,0.0,0.0,6.1,0.0,1009.4,0.0
2023-03-16,20.9,15.4,30.5,0.0,0.0,0.0,6.1,0.0,1010.4,0.0
2023-03-17,19.3,12.9,30.0,1.0,0.0,0.0,6.5,0.0,1012.2,0.0
2023-03-18,16.4,14.4,30.6,24.9,0.0,0.0,7.2,0.0,1012.4,0.0
2023-03-19,19.0,13.4,26.0,5.1,0.0,0.0,6.1,0.0,1009.4,0.0
2023-03-20,17.6,14.6,27.9,0.0,0.0,0.0,6.5,0.0,1008.8,0.0
2023-03-21,15.2,11.3,23.9,9.9,0.0,0.0,4.8,0.0,1009.8,0.0
2023-03-22,18.6,11.6,25.0,7.1,0.0,0.0,5.2,0.0,1009.9,0.0
2023-03-23,20.1,13.3,27.4,0.0,0.0,0.0,6.7,0.0,1008.3,0.0
2023-03-24,18.7,12.9,26.6,0.0,0.0,0.0,6.1,0.0,1009.2,0.0
2023-03-25,19.7,15.2,27.9,5.1,0.0,0.0,7.7,0.0,1012.3,0.0
2023-03-26,19.6,12.8,26.9,8.9,0.0,0.0,7.1,0.0,1011.0,0.0
2023-03-27,20.9,12.6,27.2,0.0,0.0,0.0,5.7,0.0,1009.7,0.0
2023-03-28,18.7,11.6,27.8,0.0,0.0,0.0,6.0,0.0,1009.7,0.0
2023-03-29,19.9,13.0,29.4,0.0,0.0,0.0,6.2,0.0,1010.6,0.0
2023-03-30,20.7,13.5,31.0,0.0,0.0,0.0,7.7,0.0,1008.8,0.0
2023-03-31,15.8,14.4,32.2,17.0,0.0,0.0,6.2,0.0,1009.4,0.0
2023-04-01,18.3,13.0,25.2,19.1,0.0,0.0,6.0,0.0,1010.2,0.0
2023-04-02,19.6,12.4,25.6,11.9,0.0,0.0,5.8,0.0,1008.5,0.0
2023-04-03,21.2,13.8,28.8,0.0,0.0,0.0,6.9,0.0,1007.0,0.0
2023-04-04,18.8,13.0,26.4,1.6,0.0,0.0,7.2,0.0,1009.0,0.0
2023-04-05,18.8,11.3,28.0,0.0,0.0,0.0,6.4,0.0,1009.7,0.0
2023-04-06,20.0,13.0,30.0,0.0,0.0,0.0,6.8,0.0,1011.1,0.0
2023-04-07,20.9,13.2,30.6,0.0,0.0,0.0,6.0,0.0,1012.8,0.0
2023-04-08,22.1,15.0,31.8,0.0,0.0,0.0,5.9,0.0,1013.5,0.0
2023-04-09,22.2,15.6,31.6,0.0,0.0,0.0,6.3,0.0,1013.9,0.0
2023-04-10,22.0,15.5,31.8,0.0,0.0,0.0,6.1,0.0,1011.9,0.0
2023-04-11,22.8,14.4,32.0,0.0,0.0,0.0,8.2,0.0,1010.7,0.0
2023-04-12,24.2,15.4,34.0,0.0,0.0,0.0,6.8,0.0,1010.3,0.0
2023-04-13,24.8,17.1,34.0,0.0,0.0,0.0,6.7,0.0,1008.8,0.0
2023-04-14,25.7,18.4,35.4,0.0,0.0,0.0,6.6,0.0,1008.1,0.0
2023-04-15,26.2,19.0,36.6,0.0,0.0,0.0,7.1,0.0,1008.0,0.0
2023-04-16,25.4,16.4,36.2,0.0,0.0,0.0,8.0,0.0,1007.3,0.0
2023-04-17,26.2,18.0,36.0,0.0,0.0,0.0,6.8,0.0,1006.6,0.0
2023-04-18,26.7,20.4,36.2,0.0,0.0,0.0,8.8,0.0,1008.6,0.0
2023-04-19,25.4,19.5,37.3,1.0,0.0,0.0,11.8,0.0,1006.4,0.0
2023-04-20,24.6,18.0,33.5,16.0,0.0,0.0,11.6,0.0,1003.8,0.0
2023-04-21,25.1,16.2,32.7,6.1,0.0,0.0,9.6,0.0,1004.9,0.0
2023-04-22,24.6,16.5,32.0,0.0,0.0,0.0,7.4,0.0,1005.0,0.0
2023-04-23,23.0,16.2,31.6,0.0,0.0,0.0,7.7,0.0,1006.7,0.0
2023-04-24,21.9,16.0,29.2,0.2,0.0,0.0,7.0,0.0,1010.6,0.0
2023-04-25,21.7,15.6,29.4,0.4,0.0,0.0,5.5,0.0,1012.4,0.0
2023-04-26,23.1,15.5,31.8,0.0,0.0,0.0,6.0,0.0,1008.6,0.0
2023-04-27,23.1,17.3,30.4,0.5,0.0,0.0,6.4,0.0,1008.8,0.0
2023-04-28,23.6,16.4,32.8,0.0,0.0,0.0,5.7,0.0,1008.8,0.0
2023-04-29,23.8,18.3,30.4,0.1,0.0,0.0,6.5,0.0,1007.8,0.0
2023-04-30,21.5,17.3,27.8,8.5,0.0,0.0,7.6,0.0,1007.8,0.0
2023-05-01,18.5,16.1,21.5,14.1,0.0,0.0,5.0,0.0,1008.7,0.0
2023-05-02,18.5,15.5,23.6,29.3,0.0,0.0,4.6,0.0,1010.4,0.0
2023-05-03,19.5,15.7,26.0,0.7,0.0,0.0,5.2,0.0,1011.1,0.0
2023-05-04,20.7,15.0,28.2,0.1,0.0,0.0,5.4,0.0,1010.2,0.0
2023-05-05,22.3,16.8,29.6,0.0,0.0,0.0,5.6,0.0,1007.9,0.0
2023-05-06,23.3,16.6,31.8,0.3,0.0,0.0,6.8,0.0,1005.6,0.0
2023-05-07,23.8,16.5,31.6,0.0,0.0,0.0,6.9,0.0,1005.2,0.0
2023-05-08,23.8,14.9,32.8,0.7,0.0,0.0,8.8,0.0,1005.6,0.0
2023-05-09,24.2,17.4,33.4,0.0,0.0,0.0,10.2,0.0,1006.7,0.0
2023-05-10,23.5,15.2,32.4,0.0,0.0,0.0,6.2,0.0,1005.2,0.0
2023-05-11,24.7,16.2,34.2,0.0,0.0,0.0,6.4,0.0,1006.6,0.0
2023-05-12,26.0,17.9,35.2,0.0,0.0,0.0,6.1,0.0,1006.1,0.0
2023-05-13,27.2,19.5,36.0,0.0,0.0,0.0,6.5,0.0,1005.4,0.0
2023-05-14,28.4,21.6,36.4,0.0,0.0,0.0,8.0,0.0,1002.3,0.0
2023-05-15,27.0,20.1,37.6,0.0,0.0,0.0,6.6,0.0,1001.6,0.0
2023-05-16,27.6,17.6,37.6,0.0,0.0,0.0,7.2,0.0,1002.8,0.0
2023-05-17,27.4,19.8,37.2,0.0,0.0,0.0,7.6,0.0,1004.7,0.0
2023-05-18,25.2,19.0,37.8,10.9,0.0,0.0,7.3,0.0,1008.2,0.0
2023-05-19,26.5,19.8,34.9,0.0,0.0,0.0,6.4,0.0,1005.4,0.0
2023-05-20,26.7,18.7,35.0,0.0,0.0,0.0,6.9,0.0,1003.5,0.0
2023-05-21,27.7,18.8,36.6,0.0,0.0,0.0,7.3,0.0,1004.1,0.0
2023-05-22,29.3,21.1,38.8,0.0,0.0,0.0,6.1,0.0,1004.5,0.0
2023-05-23,28.4,21.0,35.8,0.0,0.0,0.0,7.9,0.0,1005.6,0.0
2023-05-24,25.8,21.8,38.7,15.0,0.0,0.0,8.0,0.0,1005.6,0.0
2023-05-25,22.7,19.0,33.6,9.9,0.0,0.0,6.7,0.0,1005.9,0.0
2023-05-26,25.8,17.8,31.9,3.0,0.0,0.0,5.2,0.0,1006.0,0.0
2023-05-27,24.9,20.8,32.6,0.0,0.0,0.0,6.4,0.0,1005.8,0.0
2023-05-28,25.2,18.6,32.6,0.0,0.0,0.0,5.9,0.0,1006.7,0.0
2023-05-29,25.6,20.6,32.0,0.1,0.0,0.0,6.3,0.0,1008.3,0.0
2023-05-30,24.6,20.6,33.1,0.8,0.0,0.0,7.8,0.0,1008.9,0.0
2023-05-31,22.1,19.0,33.4,25.9,0.0,0.0,10.1,0.0,1007.6,0.0
2023-06-01,24.6,18.2,29.8,7.1,0.0,0.0,6.3,0.0,1006.3,0.0
2023-06-02,25.2,17.9,31.9,0.3,0.0,0.0,6.8,0.0,1005.3,0.0
2023-06-03,26.8,19.2,32.6,0.0,0.0,0.0,4.8,0.0,1005.6,0.0
2023-06-04,26.5,18.9,35.0,0.0,0.0,0.0,5.6,0.0,1004.7,0.0
2023-06-05,25.4,19.9,36.0,1.3,0.0,0.0,6.7,0.0,1004.2,0.0
2023-06-06,28.2,19.8,36.7,5.1,0.0,0.0,5.5,0.0,1003.6,0.0
2023-06-07,28.2,20.4,35.2,0.0,0.0,0.0,6.4,0.0,1003.5,0.0
2023-06-08,27.0,19.4,37.0,0.0,0.0,0.0,5.9,0.0,1002.5,0.0
2023-06-09,28.0,20.0,37.2,0.0,0.0,0.0,5.5,0.0,999.3,0.0
2023-06-10,29.3,22.7,38.8,0.0,0.0,0.0,6.2,0.0,997.9,0.0
2023-06-11,29.3,23.6,36.8,0.0,0.0,0.0,6.6,0.0,997.9,0.0
2023-06-12,29.8,23.6,37.2,0.0,0.0,0.0,6.9,0.0,997.5,0.0
2023-06-13,30.1,23.4,38.4,0.0,0.0,0.0,11.5,0.0,996.8,0.0
2023-06-14,30.2,25.2,38.0,0.0,0.0,0.0,10.4,0.0,997.4,0.0
2023-06-15,30.0,23.8,38.4,0.0,0.0,0.0,8.5,0.0,999.4,0.0
2023-06-16,28.8,22.3,36.6,0.2,0.0,0.0,6.6,0.0,999.5,0.0
2023-06-17,29.9,24.2,37.8,0.2,0.0,0.0,5.2,0.0,999.9,0.0
2023-06-18,29.7,26.2,38.8,2.0,0.0,0.0,5.1,0.0,1000.9,0.0
2023-06-19,27.7,23.2,36.4,0.3,0.0,0.0,5.6,0.0,1000.1,0.0
2023-06-20,29.7,24.4,37.8,17.0,0.0,0.0,5.9,0.0,999.5,0.0
2023-06-21,30.8,24.2,36.8,5.1,0.0,0.0,4.7,0.0,1000.5,0.0
2023-06-22,28.5,25.4,36.4,10.9,0.0,0.0,5.9,0.0,1001.2,0.0
2023-06-23,28.3,25.0,33.8,50.0,0.0,0.0,6.6,0.0,1001.5,0.0
2023-06-24,27.0,24.6,31.7,14.0,0.0,0.0,5.4,0.0,1000.8,0.0
2023-06-25,24.2,23.2,29.4,29.0,0.0,0.0,6.1,0.0,1001.9,0.0
2023-06-26,25.7,23.2,28.2,50.0,0.0,0.0,4.9,0.0,1002.6,0.0
2023-06-27,26.3,24.2,30.6,5.1,0.0,0.0,5.1,0.0,1001.8,0.0
2023-06-28,26.6,23.4,32.6,0.8,0.0,0.0,4.8,0.0,1003.0,0.0
2023-06-29,27.1,24.0,31.2,6.1,0.0,0.0,4.2,0.0,1001.8,0.0
2023-06-30,26.5,22.6,30.8,23.9,0.0,0.0,5.2,0.0,1000.4,0.0
2023-07-01,26.8,23.8,32.2,1.0,0.0,0.0,5.9,0.0,1000.6,0.0
2023-07-02,27.7,23.6,33.5,14.0,0.0,0.0,5.2,0.0,1001.2,0.0
2023-07-03,29.2,24.8,33.2,7.1,0.0,0.0,4.8,0.0,1000.8,0.0
2023-07-04,27.3,22.4,34.8,18.0,0.0,0.0,5.7,0.0,1000.6,0.0
2023-07-05,24.6,22.4,32.5,52.1,0.0,0.0,5.2,0.0,1000.8,0.0
2023-07-06,26.6,23.4,31.4,124.0,0.0,0.0,4.4,0.0,1002.1,0.0
2023-07-07,27.0,23.2,31.4,0.3,0.0,0.0,4.5,0.0,1002.7,0.0
2023-07-08,24.7,22.6,31.0,22.1,0.0,0.0,5.2,0.0,1003.6,0.0
2023-07-09,24.2,23.2,26.2,25.9,0.0,0.0,6.4,0.0,1002.4,0.0
2023-07-10,25.9,22.8,30.8,47.0,0.0,0.0,4.7,0.0,1002.3,0.0
2023-07-11,24.8,22.6,31.2,79.0,0.0,0.0,4.1,0.0,1002.0,0.0
2023-07-12,24.2,23.0,27.4,17.0,0.0,0.0,4.6,0.0,1001.8,0.0
2023-07-13,26.1,22.6,31.4,73.9,0.0,0.0,5.4,0.0,1002.0,0.0
2023-07-14,28.3,23.8,31.4,9.9,0.0,0.0,4.1,0.0,1002.2,0.0
2023-07-15,28.0,25.0,32.4,0.0,0.0,0.0,5.0,0.0,1001.8,0.0
2023-07-16,28.5,24.6,32.5,5.1,0.0,0.0,3.4,0.0,1001.7,0.0
2023-07-17,27.8,25.2,32.9,4.1,0.0,0.0,4.8,0.0,1001.1,0.0
2023-07-18,25.9,23.8,31.9,83.1,0.0,0.0,5.3,0.0,1001.7,0.0
2023-07-19,27.9,24.2,30.6,7.1,0.0,0.0,4.5,0.0,1001.2,0.0
2023-07-20,30.1,23.2,35.9,15.0,0.0,0.0,4.9,0.0,1000.5,0.0
2023-07-21,29.9,26.2,35.9,0.0,0.0,0.0,4.1,0.0,1002.5,0.0
2023-07-22,26.9,25.2,34.2,0.5,0.0,0.0,5.5,0.0,1006.2,0.0
2023-07-23,28.0,25.0,35.4,1.0,0.0,0.0,4.0,0.0,1005.3,0.0
2023-07-24,28.1,24.2,35.7,53.1,0.0,0.0,4.7,0.0,1002.9,0.0
2023-07-25,28.3,23.3,32.8,1.0,0.0,0.0,4.8,0.0,1003.0,0.0
2023-07-26,25.6,22.4,33.2,71.1,0.0,0.0,3.6,0.0,1004.6,0.0
2023-07-27,27.2,24.6,31.6,0.8,0.0,0.0,3.7,0.0,1003.1,0.0
2023-07-28,27.1,23.5,32.4,14.0,0.0,0.0,3.5,0.0,1000.7,0.0
2023-07-29,26.4,22.8,32.0,50.0,0.0,0.0,3.7,0.0,1000.2,0.0
2023-07-30,27.4,23.5,31.8,0.0,0.0,0.0,3.8,0.0,999.4,0.0
2023-07-31,28.1,24.7,33.2,32.0,0.0,0.0,4.4,0.0,998.6,0.0
2023-08-01,29.5,25.5,34.0,13.0,0.0,0.0,5.4,0.0,997.1,0.0
2023-08-02,27.3,23.8,34.3,0.3,0.0,0.0,3.7,0.0,998.6,0.0
2023-08-03,28.8,24.2,34.0,2.0,0.0,0.0,4.5,0.0,998.3,0.0
2023-08-04,26.6,24.6,34.6,34.0,0.0,0.0,4.2,0.0,1001.4,0.0
2023-08-05,27.3,24.9,31.3,0.0,0.0,0.0,4.6,0.0,1002.2,0.0
2023-08-06,27.2,24.4,31.6,59.9,0.0,0.0,5.8,0.0,999.2,0.0
2023-08-07,27.7,23.3,31.8,40.9,0.0,0.0,7.4,0.0,996.8,0.0
2023-08-08,27.5,25.1,32.5,2.0,0.0,0.0,7.1,0.0,997.6,0.0
2023-08-09,27.8,24.7,31.4,20.1,0.0,0.0,5.1,0.0,1001.7,0.0
2023-08-10,26.3,23.6,30.8,18.0,0.0,0.0,4.2,0.0,1004.0,0.0
2023-08-11,27.0,23.6,30.4,37.1,0.0,0.0,4.8,0.0,1003.6,0.0
2023-08-12,26.6,25.4,31.2,4.1,0.0,0.0,5.9,0.0,1000.8,0.0
2023-08-13,25.1,23.8,27.9,22.1,0.0,0.0,6.2,0.0,999.7,0.0
2023-08-14,25.5,22.6,28.0,175.0,0.0,0.0,6.3,0.0,1004.3,0.0
2023-08-15,27.2,23.8,31.0,5.1,0.0,0.0,3.9,0.0,1004.2,0.0
2023-08-16,28.9,23.4,33.4,24.9,0.0,0.0,5.0,0.0,1002.7,0.0
2023-08-17,27.8,23.5,33.8,0.0,0.0,0.0,6.6,0.0,1002.6,0.0
2023-08-18,27.7,23.2,33.4,99.1,0.0,0.0,4.2,0.0,1003.2,0.0
2023-08-19,28.4,23.6,34.2,0.3,0.0,0.0,4.5,0.0,1004.3,0.0
2023-08-20,27.3,24.6,34.4,23.1,0.0,0.0,4.5,0.0,1004.9,0.0
2023-08-21,26.0,23.6,31.3,58.9,0.0,0.0,4.7,0.0,1003.6,0.0
2023-08-22,25.6,24.0,29.8,81.0,0.0,0.0,4.2,0.0,1001.7,0.0
2023-08-23,24.7,23.6,27.6,41.9,0.0,0.0,4.6,0.0,1000.8,0.0
2023-08-24,26.1,23.2,29.1,20.1,0.0,0.0,4.8,0.0,999.4,0.0
2023-08-25,27.2,22.0,31.8,3.0,0.0,0.0,5.3,0.0,999.4,0.0
2023-08-26,27.9,21.6,33.0,7.9,0.0,0.0,6.4,0.0,1001.0,0.0
2023-08-27,27.6,22.8,33.6,0.0,0.0,0.0,6.2,0.0,1000.6,0.0
2023-08-28,26.9,22.2,32.7,3.0,0.0,0.0,6.1,0.0,1000.7,0.0
2023-08-29,27.8,22.0,32.2,0.0,0.0,0.0,5.7,0.0,1002.9,0.0
2023-08-30,27.0,22.1,33.6,0.1,0.0,0.0,4.8,0.0,1004.3,0.0
2023-08-31,27.3,22.4,34.0,0.3,0.0,0.0,4.6,0.0,1005.4,0.0
2023-09-01,29.5,25.3,34.8,0.0,0.0,0.0,6.4,0.0,1004.7,0.0
2023-09-02,27.4,23.0,33.8,1.1,0.0,0.0,6.9,0.0,1003.4,0.0
2023-09-03,27.5,23.4,34.0,0.3,0.0,0.0,6.2,0.0,1002.5,0.0
2023-09-04,28.7,23.0,34.8,0.0,0.0,0.0,4.7,0.0,1002.4,0.0
2023-09-05,29.0,21.6,35.4,0.0,0.0,0.0,4.8,0.0,1004.0,0.0
2023-09-06,29.7,24.4,35.3,0.0,0.0,0.0,4.6,0.0,1004.7,0.0
2023-09-07,27.9,22.2,34.2,0.5,0.0,0.0,4.8,0.0,1004.1,0.0
2023-09-08,28.5,23.4,35.9,0.0,0.0,0.0,4.1,0.0,1004.8,0.0
2023-09-09,25.6,22.6,34.5,8.9,0.0,0.0,4.5,0.0,1004.2,0.0
2023-09-10,25.6,21.4,30.0,22.1,0.0,0.0,4.1,0.0,1003.0,0.0
2023-09-11,27.2,22.6,32.8,0.0,0.0,0.0,4.4,0.0,1002.2,0.0
2023-09-12,28.7,24.2,34.1,36.1,0.0,0.0,4.2,0.0,1002.6,0.0
2023-09-13,27.5,24.4,33.3,23.9,0.0,0.0,4.3,0.0,1003.3,0.0
2023-09-14,27.6,24.8,31.6,26.9,0.0,0.0,4.0,0.0,1004.6,0.0
2023-09-15,25.4,21.8,31.2,61.0,0.0,0.0,4.1,0.0,1005.6,0.0
2023-09-16,26.9,22.6,30.9,1.0,0.0,0.0,4.5,0.0,1005.3,0.0
2023-09-17,27.2,24.0,30.6,0.5,0.0,0.0,4.0,0.0,1004.1,0.0
2023-09-18,27.5,23.8,32.6,0.5,0.0,0.0,4.4,0.0,1004.8,0.0
2023-09-19,29.5,21.4,33.4,0.0,0.0,0.0,4.4,0.0,1007.1,0.0
2023-09-20,26.5,23.3,31.8,5.1,0.0,0.0,5.3,0.0,1006.7,0.0
2023-09-21,27.8,22.4,33.1,0.5,0.0,0.0,5.2,0.0,1005.9,0.0
2023-09-22,26.4,23.4,33.6,0.0,0.0,0.0,5.1,0.0,1006.6,0.0
2023-09-23,26.8,23.2,31.8,10.9,0.0,0.0,4.4,0.0,1006.9,0.0
2023-09-24,25.8,21.6,31.1,0.0,0.0,0.0,4.4,0.0,1006.3,0.0
2023-09-25,24.8,19.7,31.4,0.2,0.0,0.0,4.7,0.0,1006.9,0.0
2023-09-26,24.8,20.1,31.4,0.0,0.0,0.0,5.2,0.0,1007.7,0.0
2023-09-27,25.2,20.2,31.2,0.0,0.0,0.0,5.1,0.0,1006.8,0.0
2023-09-28,24.5,19.1,32.0,0.0,0.0,0.0,4.9,0.0,1006.7,0.0
2023-09-29,25.6,20.9,33.2,0.0,0.0,0.0,4.5,0.0,1006.6,0.0
2023-09-30,26.0,20.6,34.4,0.0,0.0,0.0,4.7,0.0,1006.3,0.0
2023-10-01,25.1,20.1,32.0,0.1,0.0,0.0,5.6,0.0,1005.8,0.0
2023-10-02,25.3,20.2,32.4,2.5,0.0,0.0,6.2,0.0,1006.5,0.0
2023-10-03,24.2,18.4,32.8,0.0,0.0,0.0,5.2,0.0,1006.9,0.0
2023-10-04,24.5,19.3,31.6,0.0,0.0,0.0,5.7,0.0,1007.4,0.0
2023-10-05,24.2,19.2,32.2,0.0,0.0,0.0,6.2,0.0,1006.9,0.0
2023-10-06,23.9,17.4,31.4,0.0,0.0,0.0,5.4,0.0,1005.9,0.0
2023-10-07,24.2,18.9,31.4,0.0,0.0,0.0,5.0,0.0,1007.1,0.0
2023-10-08,24.6,19.2,32.0,0.0,0.0,0.0,4.8,0.0,1007.9,0.0
2023-10-09,24.2,18.3,32.6,0.0,0.0,0.0,5.0,0.0,1008.7,0.0
2023-10-10,24.5,18.6,33.4,0.0,0.0,0.0,5.3,0.0,1009.6,0.0
2023-10-11,22.7,16.9,31.6,0.0,0.0,0.0,5.5,0.0,1010.3,0.0
2023-10-12,22.9,17.7,31.4,0.0,0.0,0.0,5.3,0.0,1011.6,0.0
2023-10-13,23.1,17.6,31.4,0.0,0.0,0.0,4.9,0.0,1012.7,0.0
2023-10-14,22.8,17.3,29.8,0.0,0.0,0.0,5.0,0.0,1011.9,0.0
2023-10-15,22.4,16.7,32.0,0.4,0.0,0.0,4.4,0.0,1009.7,0.0
2023-10-16,19.0,15.8,25.6,4.0,0.0,0.0,7.1,0.0,1012.6,0.0
2023-10-17,20.0,15.6,26.6,0.2,0.0,0.0,5.3,0.0,1015.0,0.0
2023-10-18,19.0,13.3,28.0,0.0,0.0,0.0,5.0,0.0,1014.7,0.0
2023-10-19,19.0,13.6,28.2,0.0,0.0,0.0,4.2,0.0,1014.3,0.0
2023-10-20,20.1,14.6,29.0,0.0,0.0,0.0,4.4,0.0,1015.2,0.0
2023-10-21,20.0,14.7,28.0,0.0,0.0,0.0,4.1,0.0,1015.9,0.0
2023-10-22,19.7,14.5,27.8,0.0,0.0,0.0,4.9,0.0,1016.5,0.0
2023-10-23,20.0,14.3,28.8,0.0,0.0,0.0,3.8,0.0,1014.5,0.0
2023-10-24,19.9,13.9,29.0,0.0,0.0,0.0,4.5,0.0,1013.9,0.0
2023-10-25,19.8,13.9,30.2,0.0,0.0,0.0,4.7,0.0,1014.5,0.0
2023-10-26,20.5,15.0,29.4,0.0,0.0,0.0,4.7,0.0,1013.9,0.0
2023-10-27,19.9,14.9,29.0,0.0,0.0,0.0,4.5,0.0,1013.3,0.0
2023-10-28,20.1,14.4,27.6,0.0,0.0,0.0,4.8,0.0,1013.8,0.0
2023-10-29,19.3,14.8,28.4,0.0,0.0,0.0,4.4,0.0,1014.4,0.0
2023-10-30,20.3,15.4,29.0,0.0,0.0,0.0,4.5,0.0,1015.1,0.0
2023-10-31,20.1,15.0,29.2,0.0,0.0,0.0,4.3,0.0,1016.4,0.0
2023-11-01,20.0,15.1,29.6,0.0,0.0,0.0,4.8,0.0,1017.0,0.0
2023-11-02,20.0,14.6,29.6,0.0,0.0,0.0,4.2,0.0,1014.7,0.0
2023-11-03,19.6,13.8,28.2,0.0,0.0,0.0,3.9,0.0,1012.3,0.0
2023-11-04,18.9,13.2,28.4,0.0,0.0,0.0,4.4,0.0,1012.4,0.0
2023-11-05,19.1,13.6,26.2,0.0,0.0,0.0,4.8,0.0,1014.2,0.0
2023-11-06,18.5,13.9,27.2,0.0,0.0,0.0,4.8,0.0,1016.1,0.0
2023-11-07,18.1,12.5,27.6,0.0,0.0,0.0,4.7,0.0,1015.1,0.0
2023-11-08,18.4,13.1,27.8,0.0,0.0,0.0,4.3,0.0,1013.8,0.0
2023-11-09,18.6,13.8,28.0,0.0,0.0,0.0,4.3,0.0,1014.3,0.0
2023-11-10,17.9,15.2,23.6,1.4,0.0,0.0,6.2,0.0,1016.7,0.0
2023-11-11,18.8,13.8,26.2,1.0,0.0,0.0,5.1,0.0,1017.5,0.0
2023-11-12,19.4,11.6,26.8,0.0,0.0,0.0,4.6,0.0,1017.4,0.0
2023-11-13,18.1,13.8,26.4,0.0,0.0,0.0,4.4,0.0,1017.9,0.0
2023-11-14,17.8,13.0,27.2,0.0,0.0,0.0,4.7,0.0,1017.2,0.0
2023-11-15,18.0,12.1,28.4,0.0,0.0,0.0,4.7,0.0,1016.8,0.0
2023-11-16,18.2,13.2,27.0,0.0,0.0,0.0,4.3,0.0,1018.3,0.0
2023-11-17,18.0,12.4,27.4,0.0,0.0,0.0,4.7,0.0,1018.1,0.0
2023-11-18,18.0,12.7,28.0,0.0,0.0,0.0,4.3,0.0,1016.4,0.0
2023-11-19,17.9,13.0,26.8,0.0,0.0,0.0,4.5,0.0,1017.6,0.0
2023-11-20,16.8,11.7,26.4,0.0,0.0,0.0,4.3,0.0,1017.3,0.0
2023-11-21,16.5,11.3,26.2,0.0,0.0,0.0,4.8,0.0,1015.7,0.0
2023-11-22,17.0,11.4,25.4,0.0,0.0,0.0,4.2,0.0,1013.3,0.0
2023-11-23,16.1,11.0,25.2,0.0,0.0,0.0,4.1,0.0,1014.2,0.0
2023-11-24,16.2,10.8,27.2,0.0,0.0,0.0,4.1,0.0,1016.0,0.0
2023-11-25,17.1,12.2,26.4,0.0,0.0,0.0,3.9,0.0,1017.0,0.0
2023-11-26,16.8,11.4,25.6,0.0,0.0,0.0,4.3,0.0,1018.2,0.0
2023-11-27,16.4,13.4,20.2,0.0,0.0,0.0,4.8,0.0,1016.5,0.0
2023-11-28,15.6,11.8,21.6,1.1,0.0,0.0,6.1,0.0,1016.0,0.0
2023-11-29,16.0,11.5,25.4,0.0,0.0,0.0,3.9,0.0,1016.0,0.0
2023-11-30,15.5,10.9,23.6,0.5,0.0,0.0,5.3,0.0,1017.2,0.0
2023-12-01,15.4,10.2,25.2,0.0,0.0,0.0,4.3,0.0,1016.9,0.0
2023-12-02,15.7,11.3,24.2,0.0,0.0,0.0,4.1,0.0,1017.1,0.0
2023-12-03,16.0,11.0,25.8,0.0,0.0,0.0,4.7,0.0,1017.9,0.0
2023-12-04,15.1,9.4,24.8,0.0,0.0,0.0,6.3,0.0,1015.8,0.0
2023-12-05,16.5,10.8,25.9,0.3,0.0,0.0,5.0,0.0,1015.7,0.0
2023-12-06,16.3,9.6,26.2,0.0,0.0,0.0,4.1,0.0,1016.2,0.0
2023-12-07,15.8,10.8,25.4,0.0,0.0,0.0,5.1,0.0,1015.6,0.0
2023-12-08,15.4,10.0,23.2,0.0,0.0,0.0,5.0,0.0,1014.7,0.0
2023-12-09,14.3,9.6,23.4,0.0,0.0,0.0,5.3,0.0,1015.3,0.0
2023-12-10,13.6,8.8,23.0,0.0,0.0,0.0,4.4,0.0,1013.2,0.0
2023-12-11,13.4,9.0,21.8,0.0,0.0,0.0,4.0,0.0,1014.9,0.0
2023-12-12,12.0,7.0,21.6,0.0,0.0,0.0,4.8,0.0,1014.8,0.0
2023-12-13,12.2,6.5,22.2,0.0,0.0,0.0,4.8,0.0,1015.7,0.0
2023-12-14,13.2,7.4,23.0,0.0,0.0,0.0,4.6,0.0,1016.0,0.0
2023-12-15,13.3,7.8,22.8,0.0,0.0,0.0,3.9,0.0,1017.9,0.0
2023-12-16,12.4,7.4,21.6,0.0,0.0,0.0,4.1,0.0,1016.5,0.0
2023-12-17,12.3,6.7,21.2,0.0,0.0,0.0,5.3,0.0,1017.6,0.0
2023-12-18,12.7,6.8,22.4,0.0,0.0,0.0,5.2,0.0,1018.2,0.0
2023-12-19,13.2,7.0,22.8,0.0,0.0,0.0,4.2,0.0,1018.3,0.0
2023-12-20,12.9,7.0,20.6,0.0,0.0,0.0,4.6,0.0,1018.4,0.0
2023-12-21,12.9,7.2,24.0,0.0,0.0,0.0,5.0,0.0,1017.2,0.0
2023-12-22,14.7,8.4,23.0,0.0,0.0,0.0,4.2,0.0,1017.3,0.0
2023-12-23,14.4,9.1,24.4,0.2,0.0,0.0,4.6,0.0,1019.8,0.0
2023-12-24,14.1,8.6,24.2,0.0,0.0,0.0,5.0,0.0,1020.7,0.0
2023-12-25,14.5,11.0,18.9,0.0,0.0,0.0,5.3,0.0,1018.8,0.0
2023-12-26,13.8,10.0,19.5,0.0,0.0,0.0,5.6,0.0,1018.9,0.0
2023-12-27,14.3,9.4,24.4,0.0,0.0,0.0,4.5,0.0,1019.8,0.0
2023-12-28,14.2,9.5,22.2,0.0,0.0,0.0,4.7,0.0,1018.3,0.0
2023-12-29,12.9,7.3,24.0,0.0,0.0,0.0,4.4,0.0,1019.3,0.0
2023-12-30,13.0,7.7,23.0,0.0,0.0,0.0,4.2,0.0,1017.6,0.0
2023-12-31,13.1,8.6,21.0,0.0,0.0,0.0,4.2,0.0,1017.3,0.0
2024-01-01,12.1,7.3,21.0,0.0,0.0,0.0,4.4,0.0,1017.2,0.0
2024-01-02,11.8,8.0,20.4,0.0,0.0,0.0,3.8,0.0,1016.5,0.0
2024-01-03,11.6,6.8,21.6,0.0,0.0,0.0,4.1,0.0,1016.7,0.0
2024-01-04,11.7,7.0,21.0,0.0,0.0,0.0,4.1,0.0,1016.8,0.0
2024-01-05,11.9,7.0,21.6,0.0,0.0,0.0,4.1,0.0,1017.0,0.0
2024-01-06,11.3,5.6,21.7,0.0,0.0,0.0,4.3,0.0,1018.7,0.0
2024-01-07,12.5,6.5,21.4,0.0,0.0,0.0,4.0,0.0,1019.1,0.0
2024-01-08,12.2,7.0,22.0,0.0,0.0,0.0,3.6,0.0,1019.1,0.0
2024-01-09,11.4,5.9,20.4,0.0,0.0,0.0,5.3,0.0,1018.3,0.0
2024-01-10,10.8,5.5,19.8,0.0,0.0,0.0,4.9,0.0,1016.4,0.0
2024-01-11,10.5,6.9,18.0,0.0,0.0,0.0,3.9,0.0,1017.4,0.0
2024-01-12,9.6,5.8,15.7,0.0,0.0,0.0,4.1,0.0,1016.7,0.0
2024-01-13,11.1,7.2,19.2,0.0,0.0,0.0,3.1,0.0,1016.4,0.0
2024-01-14,11.8,6.9,21.4,0.0,0.0,0.0,4.5,0.0,1016.2,0.0
2024-01-15,11.4,6.4,21.2,0.0,0.0,0.0,3.9,0.0,1015.7,0.0
2024-01-16,12.3,6.8,21.0,0.0,0.0,0.0,4.3,0.0,1014.4,0.0
2024-01-17,12.3,6.0,21.6,0.0,0.0,0.0,4.2,0.0,1014.5,0.0
2024-01-18,11.4,5.2,22.0,0.0,0.0,0.0,4.7,0.0,1016.1,0.0
2024-01-19,10.3,6.4,15.1,0.0,0.0,0.0,5.0,0.0,1017.7,0.0
2024-01-20,10.0,6.2,17.0,0.0,0.0,0.0,4.2,0.0,1018.3,0.0
2024-01-21,10.1,5.2,20.2,0.0,0.0,0.0,4.7,0.0,1016.4,0.0
2024-01-22,9.3,5.6,14.8,0.0,0.0,0.0,4.4,0.0,1018.6,0.0
2024-01-23,9.5,3.9,19.7,0.0,0.0,0.0,4.5,0.0,1018.2,0.0
2024-01-24,10.9,5.4,21.0,0.0,0.0,0.0,4.3,0.0,1017.3,0.0
2024-01-25,11.4,5.6,21.4,0.0,0.0,0.0,4.2,0.0,1019.6,0.0
2024-01-26,11.5,7.0,21.6,0.0,0.0,0.0,4.5,0.0,1020.2,0.0
2024-01-27,12.0,5.7,21.0,0.0,0.0,0.0,4.8,0.0,1018.1,0.0
2024-01-28,12.1,6.8,18.2,0.0,0.0,0.0,5.4,0.0,1018.1,0.0
2024-01-29,12.8,6.8,22.2,0.0,0.0,0.0,4.8,0.0,1017.9,0.0
2024-01-30,13.2,7.8,21.4,0.0,0.0,0.0,4.3,0.0,1016.3,0.0
2024-01-31,12.1,7.3,19.8,6.1,0.0,0.0,5.0,0.0,1016.1,0.0
2024-02-01,12.5,10.4,20.4,4.1,0.0,0.0,6.4,0.0,1017.0,0.0
2024-02-02,12.3,6.4,18.8,14.0,0.0,0.0,5.5,0.0,1018.5,0.0
2024-02-03,12.6,7.3,19.7,0.0,0.0,0.0,5.0,0.0,1016.7,0.0
2024-02-04,13.2,10.3,18.4,3.0,0.0,0.0,6.4,0.0,1016.5,0.0
2024-02-05,13.5,6.7,17.6,21.1,0.0,0.0,4.4,0.0,1017.3,0.0
2024-02-06,12.2,5.3,18.2,1.0,0.0,0.0,5.2,0.0,1018.3,0.0
2024-02-07,11.8,6.0,20.4,0.0,0.0,0.0,5.5,0.0,1018.5,0.0
2024-02-08,11.4,3.5,21.0,0.0,0.0,0.0,4.7,0.0,1016.2,0.0
2024-02-09,12.0,6.8,20.6,0.0,0.0,0.0,5.3,0.0,1018.1,0.0
2024-02-10,12.3,5.9,21.0,0.0,0.0,0.0,5.1,0.0,1021.3,0.0
2024-02-11,13.6,6.9,24.4,0.0,0.0,0.0,4.5,0.0,1020.1,0.0
2024-02-12,14.3,7.9,20.6,0.0,0.0,0.0,4.3,0.0,1019.5,0.0
2024-02-13,15.5,11.1,23.0,0.0,0.0,0.0,4.4,0.0,1018.8,0.0
2024-02-14,14.6,9.7,24.0,0.0,0.0,0.0,6.0,0.0,1017.9,0.0
2024-02-15,15.3,9.6,25.0,0.0,0.0,0.0,5.4,0.0,1018.4,0.0
2024-02-16,15.6,10.6,24.4,0.0,0.0,0.0,5.3,0.0,1018.7,0.0
2024-02-17,15.6,9.9,25.2,0.0,0.0,0.0,5.3,0.0,1013.8,0.0
2024-02-18,15.7,9.9,22.6,0.0,0.0,0.0,5.6,0.0,1012.5,0.0
2024-02-19,16.5,11.9,21.8,5.0,0.0,0.0,8.9,0.0,1011.9,0.0
2024-02-20,18.0,12.8,24.6,4.1,0.0,0.0,8.3,0.0,1011.3,0.0
2024-02-21,16.1,7.2,25.6,0.0,0.0,0.0,6.7,0.0,1010.3,0.0
2024-02-22,12.6,5.8,22.8,0.0,0.0,0.0,6.5,0.0,1012.6,0.0
2024-02-23,12.6,5.3,22.8,0.0,0.0,0.0,5.8,0.0,1014.8,0.0
2024-02-24,12.1,5.5,20.2,0.0,0.0,0.0,5.9,0.0,1016.0,0.0
2024-02-25,11.8,3.2,21.8,0.0,0.0,0.0,6.2,0.0,1018.2,0.0
2024-02-26,13.9,6.5,23.6,0.0,0.0,0.0,5.1,0.0,1017.8,0.0
2024-02-27,14.8,9.1,24.8,0.0,0.0,0.0,5.2,0.0,1017.7,0.0
2024-02-28,15.7,8.0,24.2,0.0,0.0,0.0,5.4,0.0,1014.8,0.0
2024-02-29,16.3,9.3,27.0,0.0,0.0,0.0,5.6,0.0,1013.5,0.0
2024-03-01,16.5,11.4,25.2,3.3,0.0,0.0,7.2,0.0,1014.5,0.0
2024-03-02,16.1,12.9,25.7,7.9,0.0,0.0,12.5,0.0,1012.2,0.0
2024-03-03,15.1,11.2,23.0,25.9,0.0,0.0,8.4,0.0,1012.4,0.0
2024-03-04,14.2,7.3,21.4,26.9,0.0,0.0,6.3,0.0,1015.8,0.0
2024-03-05,15.7,7.9,22.4,0.0,0.0,0.0,5.4,0.0,1015.6,0.0
2024-03-06,14.8,8.3,23.4,0.0,0.0,0.0,5.0,0.0,1013.7,0.0
2024-03-07,14.7,8.4,24.6,0.3,0.0,0.0,5.7,0.0,1014.0,0.0
2024-03-08,15.2,8.6,24.8,0.0,0.0,0.0,6.0,0.0,1014.6,0.0
2024-03-09,16.5,9.2,26.2,0.0,0.0,0.0,5.6,0.0,1013.9,0.0
2024-03-10,18.0,11.0,26.2,0.0,0.0,0.0,4.5,0.0,1014.2,0.0
2024-03-11,18.6,12.8,26.8,0.1,0.0,0.0,5.5,0.0,1016.2,0.0
2024-03-12,18.2,11.4,27.8,0.0,0.0,0.0,6.5,0.0,1013.7,0.0
2024-03-13,17.6,12.1,26.0,1.3,0.0,0.0,6.8,0.0,1012.0,0.0
2024-03-14,17.5,9.2,27.4,0.0,0.0,0.0,7.0,0.0,1014.1,0.0
2024-03-15,17.9,9.8,28.2,0.0,0.0,0.0,5.6,0.0,1012.3,0.0
2024-03-16,18.8,13.0,28.6,0.1,0.0,0.0,6.3,0.0,1014.7,0.0
2024-03-17,18.6,11.0,28.2,0.0,0.0,0.0,5.3,0.0,1014.5,0.0
2024-03-18,19.1,12.8,28.8,0.0,0.0,0.0,5.7,0.0,1012.5,0.0
2024-03-19,19.3,12.3,29.0,0.1,0.0,0.0,5.6,0.0,1012.7,0.0
2024-03-20,20.0,11.8,30.6,0.0,0.0,0.0,6.1,0.0,1012.8,0.0
2024-03-21,19.3,13.5,24.6,0.0,0.0,0.0,6.6,0.0,1013.9,0.0
2024-03-22,21.5,16.8,26.6,0.0,0.0,0.0,5.7,0.0,1010.0,0.0
2024-03-23,20.7,12.6,29.2,0.0,0.0,0.0,6.7,0.0,1007.6,0.0
2024-03-24,19.5,13.0,27.2,0.0,0.0,0.0,6.3,0.0,1010.0,0.0
2024-03-25,20.7,12.5,30.8,0.0,0.0,0.0,5.8,0.0,1011.4,0.0
2024-03-26,21.3,13.4,29.2,0.0,0.0,0.0,6.1,0.0,1010.4,0.0
2024-03-27,23.2,16.8,32.0,0.0,0.0,0.0,6.6,0.0,1012.5,0.0
2024-03-28,23.7,16.5,30.8,0.0,0.0,0.0,7.9,0.0,1010.3,0.0
2024-03-29,24.3,19.3,29.9,0.0,0.0,0.0,7.8,0.0,1010.4,0.0
2024-03-30,22.5,17.0,29.8,2.5,0.0,0.0,12.6,0.0,1011.9,0.0
2024-03-31,21.9,15.0,29.4,0.0,0.0,0.0,9.7,0.0,1011.9,0.0
2024-04-01,21.0,15.9,26.2,0.0,0.0,0.0,7.7,0.0,1008.3,0.0
2024-04-02,20.8,15.3,27.0,0.0,0.0,0.0,7.5,0.0,1007.3,0.0
2024-04-03,22.8,16.2,30.4,0.0,0.0,0.0,6.4,0.0,1008.4,0.0
2024-04-04,23.6,15.6,34.6,0.0,0.0,0.0,6.1,0.0,1008.2,0.0
2024-04-05,23.2,15.5,32.6,0.0,0.0,0.0,6.9,0.0,1007.5,0.0
2024-04-06,22.5,14.3,33.0,0.0,0.0,0.0,6.5,0.0,1007.2,0.0
2024-04-07,22.1,14.1,33.0,0.0,0.0,0.0,7.0,0.0,1007.4,0.0
2024-04-08,22.1,13.8,32.4,0.0,0.0,0.0,6.1,0.0,1008.8,0.0
2024-04-09,22.6,14.2,33.2,0.0,0.0,0.0,5.9,0.0,1009.7,0.0
2024-04-10,23.9,14.8,34.0,0.0,0.0,0.0,7.0,0.0,1010.3,0.0
2024-04-11,23.5,15.4,33.8,0.4,0.0,0.0,7.4,0.0,1011.4,0.0
2024-04-12,23.8,14.7,35.6,0.0,0.0,0.0,6.4,0.0,1010.3,0.0
2024-04-13,24.8,16.9,34.4,0.0,0.0,0.0,6.1,0.0,1009.8,0.0
2024-04-14,23.6,19.9,29.8,0.1,0.0,0.0,8.6,0.0,1012.1,0.0
2024-04-15,24.5,18.6,31.6,0.0,0.0,0.0,4.9,0.0,1011.3,0.0
2024-04-16,23.5,16.9,29.8,0.0,0.0,0.0,8.8,0.0,1010.0,0.0
2024-04-17,23.6,17.8,29.6,0.0,0.0,0.0,10.4,0.0,1007.9,0.0
2024-04-18,23.8,16.2,31.7,0.0,0.0,0.0,10.5,0.0,1007.3,0.0
2024-04-19,25.8,19.0,37.4,0.3,0.0,0.0,7.4,0.0,1005.2,0.0
2024-04-20,26.5,20.2,37.8,5.1,0.0,0.0,7.0,0.0,1003.8,0.0
2024-04-21,26.5,19.0,35.1,0.0,0.0,0.0,5.9,0.0,1005.0,0.0
2024-04-22,24.9,18.6,32.6,0.0,0.0,0.0,6.2,0.0,1006.4,0.0
2024-04-23,23.5,16.0,32.8,0.0,0.0,0.0,7.2,0.0,1006.4,0.0
2024-04-24,23.8,16.1,34.4,0.0,0.0,0.0,6.9,0.0,1006.0,0.0
2024-04-25,25.1,16.4,34.8,0.0,0.0,0.0,6.9,0.0,1005.6,0.0
2024-04-26,27.5,19.1,37.0,0.0,0.0,0.0,7.8,0.0,1004.4,0.0
2024-04-27,27.0,19.0,38.0,0.0,0.0,0.0,8.0,0.0,1006.4,0.0
2024-04-28,26.0,17.7,35.0,7.1,0.0,0.0,6.8,0.0,1007.1,0.0
2024-04-29,26.7,19.1,35.2,0.0,0.0,0.0,8.0,0.0,1006.6,0.0
2024-04-30,24.2,15.7,35.0,0.0,0.0,0.0,7.7,0.0,1004.6,0.0
2024-05-01,21.6,16.2,28.1,0.0,0.0,0.0,9.8,0.0,1003.4,0.0
2024-05-02,23.0,13.1,33.4,0.0,0.0,0.0,6.3,0.0,1003.6,0.0
2024-05-03,26.4,17.5,35.6,0.0,0.0,0.0,6.4,0.0,1004.2,0.0
2024-05-04,29.1,21.6,37.8,0.2,0.0,0.0,9.6,0.0,1004.0,0.0
2024-05-05,27.8,18.8,38.2,0.0,0.0,0.0,7.6,0.0,1000.6,0.0
2024-05-06,28.3,19.6,37.8,0.0,0.0,0.0,6.3,0.0,1002.3,0.0
2024-05-07,28.0,20.2,36.4,0.0,0.0,0.0,6.6,0.0,1005.3,0.0
2024-05-08,27.0,21.8,31.6,1.4,0.0,0.0,7.6,0.0,1007.0,0.0
2024-05-09,27.9,22.6,35.0,0.0,0.0,0.0,5.5,0.0,1006.5,0.0
2024-05-10,27.7,21.7,37.2,0.0,0.0,0.0,5.7,0.0,1006.9,0.0
2024-05-11,28.4,22.5,35.2,0.5,0.0,0.0,6.1,0.0,1007.8,0.0
2024-05-12,29.2,21.8,35.5,0.0,0.0,0.0,6.0,0.0,1008.4,0.0
2024-05-13,27.2,18.9,34.8,0.0,0.0,0.0,6.4,0.0,1008.0,0.0
2024-05-14,27.2,18.4,37.2,0.0,0.0,0.0,6.4,0.0,1007.8,0.0
2024-05-15,28.6,20.1,38.4,0.0,0.0,0.0,6.8,0.0,1008.0,0.0
2024-05-16,29.8,21.6,38.8,0.0,0.0,0.0,6.4,0.0,1007.6,0.0
2024-05-17,30.1,20.7,40.4,0.0,0.0,0.0,7.8,0.0,1004.0,0.0
2024-05-18,30.8,21.4,40.6,0.0,0.0,0.0,8.5,0.0,1000.6,0.0
2024-05-19,31.3,23.0,40.4,0.0,0.0,0.0,9.4,0.0,999.4,0.0
2024-05-20,29.8,24.0,39.8,0.0,0.0,0.0,7.3,0.0,1001.3,0.0
2024-05-21,29.4,22.6,37.0,0.0,0.0,0.0,6.8,0.0,1002.6,0.0
2024-05-22,29.3,23.6,37.2,0.0,0.0,0.0,6.7,0.0,1003.6,0.0
2024-05-23,31.4,26.6,37.5,0.0,0.0,0.0,5.8,0.0,1003.1,0.0
2024-05-24,29.8,24.4,37.2,0.0,0.0,0.0,5.7,0.0,1002.0,0.0
2024-05-25,30.7,24.7,38.2,0.0,0.0,0.0,6.8,0.0,999.5,0.0
2024-05-26,31.5,24.8,39.4,0.0,0.0,0.0,7.4,0.0,997.3,0.0
2024-05-27,31.7,25.1,39.8,0.0,0.0,0.0,7.2,0.0,995.2,0.0
2024-05-28,31.1,23.9,40.2,0.0,0.0,0.0,6.7,0.0,993.1,0.0
2024-05-29,31.2,21.4,42.4,0.0,0.0,0.0,7.2,0.0,994.8,0.0
2024-05-30,34.4,23.3,43.0,0.0,0.0,0.0,7.9,0.0,997.4,0.0
2024-05-31,31.3,22.0,42.4,0.0,0.0,0.0,8.0,0.0,999.1,0.0
2024-06-01,30.3,23.0,41.6,0.0,0.0,0.0,7.7,0.0,1000.0,0.0
2024-06-02,31.3,21.0,42.1,17.0,0.0,0.0,6.1,0.0,1002.0,0.0
2024-06-03,32.7,25.1,38.6,0.0,0.0,0.0,7.6,0.0,1000.9,0.0
2024-06-04,30.7,24.3,38.8,0.0,0.0,0.0,8.1,0.0,1000.8,0.0
2024-06-05,30.2,23.8,39.2,0.0,0.0,0.0,8.4,0.0,1002.3,0.0
2024-06-06,29.2,23.0,36.6,0.0,0.0,0.0,9.6,0.0,1003.5,0.0
2024-06-07,30.9,23.0,38.0,0.0,0.0,0.0,9.6,0.0,1000.5,0.0
2024-06-08,30.7,24.2,39.6,0.0,0.0,0.0,7.4,0.0,999.7,0.0
2024-06-09,30.8,23.9,39.8,0.0,0.0,0.0,7.0,0.0,999.5,0.0
2024-06-10,31.3,23.2,40.4,0.0,0.0,0.0,7.7,0.0,999.6,0.0
2024-06-11,31.7,23.3,41.4,0.0,0.0,0.0,7.6,0.0,999.2,0.0
2024-06-12,32.3,22.5,41.2,0.0,0.0,0.0,7.9,0.0,998.8,0.0
2024-06-13,33.2,24.5,41.8,0.0,0.0,0.0,9.2,0.0,997.1,0.0
2024-06-14,33.9,27.0,42.8,0.0,0.0,0.0,9.4,0.0,996.5,0.0
2024-06-15,33.6,25.7,41.8,0.0,0.0,0.0,9.3,0.0,996.5,0.0
2024-06-16,34.0,26.1,42.6,0.0,0.0,0.0,10.0,0.0,996.9,0.0
2024-06-17,34.9,28.1,42.8,0.0,0.0,0.0,11.1,0.0,997.0,0.0
2024-06-18,34.4,27.6,41.2,0.0,0.0,0.0,10.8,0.0,995.1,0.0
2024-06-19,32.5,22.8,40.2,0.0,0.0,0.0,9.9,0.0,994.0,0.0
2024-06-20,29.8,22.6,36.8,0.0,0.0,0.0,6.2,0.0,996.9,0.0
2024-06-21,27.9,23.5,35.3,0.0,0.0,0.0,6.0,0.0,999.6,0.0
2024-06-22,29.7,23.8,36.5,11.9,0.0,0.0,5.8,0.0,999.8,0.0
2024-06-23,28.0,25.2,37.2,0.0,0.0,0.0,5.3,0.0,1000.8,0.0
2024-06-24,28.8,25.3,34.8,5.1,0.0,0.0,4.9,0.0,999.4,0.0
2024-06-25,32.3,26.0,37.2,0.5,0.0,0.0,4.0,0.0,998.2,0.0
2024-06-26,28.2,24.1,37.9,0.0,0.0,0.0,5.2,0.0,999.4,0.0
2024-06-27,29.2,25.6,34.0,7.1,0.0,0.0,5.3,0.0,1002.2,0.0
2024-06-28,28.7,26.0,34.2,0.0,0.0,0.0,4.6,0.0,1000.6,0.0
2024-06-29,28.6,24.1,35.0,3.0,0.0,0.0,4.0,0.0,998.9,0.0
2024-06-30,29.4,22.9,35.4,10.9,0.0,0.0,4.8,0.0,998.1,0.0
2024-07-01,28.8,24.4,33.8,8.9,0.0,0.0,4.9,0.0,996.0,0.0
2024-07-02,26.6,23.4,32.9,4.1,0.0,0.0,4.7,0.0,995.2,0.0
2024-07-03,26.0,23.5,29.9,130.0,0.0,0.0,6.2,0.0,998.4,0.0
2024-07-04,26.6,24.4,31.6,10.9,0.0,0.0,4.0,0.0,1000.6,0.0
2024-07-05,26.1,24.1,32.0,45.0,0.0,0.0,4.9,0.0,997.8,0.0
2024-07-06,25.9,23.2,30.3,83.1,0.0,0.0,4.9,0.0,996.4,0.0
2024-07-07,26.4,24.0,32.2,2.0,0.0,0.0,5.0,0.0,998.9,0.0
2024-07-08,26.3,24.4,32.4,48.0,0.0,0.0,4.5,0.0,1002.5,0.0
2024-07-09,29.1,24.4,33.6,7.9,0.0,0.0,4.2,0.0,1002.5,0.0
2024-07-10,29.3,24.0,34.2,3.0,0.0,0.0,4.5,0.0,1002.5,0.0
2024-07-11,28.1,22.8,35.2,48.0,0.0,0.0,5.2,0.0,998.6,0.0
2024-07-12,28.3,25.0,33.6,7.1,0.0,0.0,4.8,0.0,996.5,0.0
2024-07-13,28.3,23.8,32.7,3.0,0.0,0.0,4.4,0.0,997.9,0.0
2024-07-14,29.6,25.0,33.9,0.0,0.0,0.0,4.6,0.0,997.6,0.0
2024-07-15,28.9,23.6,34.4,7.1,0.0,0.0,4.3,0.0,1000.6,0.0
2024-07-16,29.9,26.3,34.2,0.0,0.0,0.0,4.6,0.0,1001.4,0.0
2024-07-17,26.2,24.6,35.2,25.9,0.0,0.0,5.3,0.0,1002.0,0.0
2024-07-18,28.4,23.8,32.2,13.0,0.0,0.0,5.5,0.0,999.9,0.0
2024-07-19,28.7,25.7,33.2,0.0,0.0,0.0,5.8,0.0,998.4,0.0
2024-07-20,28.1,23.9,33.4,0.0,0.0,0.0,4.4,0.0,999.4,0.0
2024-07-21,27.9,25.2,31.8,5.8,0.0,0.0,4.7,0.0,999.7,0.0
2024-07-22,25.8,24.2,33.0,72.9,0.0,0.0,5.4,0.0,1000.3,0.0
2024-07-23,28.8,24.7,31.8,52.1,0.0,0.0,5.7,0.0,998.6,0.0
2024-07-24,27.6,24.6,32.1,7.9,0.0,0.0,4.5,0.0,995.4,0.0
2024-07-25,28.6,26.2,32.0,3.0,0.0,0.0,4.3,0.0,994.3,0.0
2024-07-26,27.6,25.0,33.4,6.1,0.0,0.0,4.9,0.0,995.9,0.0
2024-07-27,27.7,25.2,33.0,51.1,0.0,0.0,4.0,0.0,998.5,0.0
2024-07-28,28.9,25.8,33.8,20.1,0.0,0.0,4.1,0.0,998.4,0.0
2024-07-29,28.6,24.0,35.0,91.9,0.0,0.0,5.2,0.0,998.7,0.0
2024-07-30,29.2,24.0,35.2,63.0,0.0,0.0,4.1,0.0,1000.2,0.0
2024-07-31,27.9,23.5,34.6,1.0,0.0,0.0,5.8,0.0,999.8,0.0
2024-08-01,28.0,23.6,34.6,172.0,0.0,0.0,7.0,0.0,999.5,0.0
2024-08-02,28.8,24.8,33.0,0.0,0.0,0.0,4.9,0.0,998.6,0.0
2024-08-03,28.5,25.7,33.5,0.0,0.0,0.0,4.9,0.0,1000.5,0.0
2024-08-04,27.9,23.8,32.9,86.1,0.0,0.0,4.2,0.0,1002.0,0.0
2024-08-05,27.9,24.4,33.0,21.1,0.0,0.0,4.5,0.0,1002.2,0.0
2024-08-06,27.3,24.4,33.4,9.9,0.0,0.0,6.0,0.0,1000.8,0.0
2024-08-07,26.0,23.8,33.1,26.9,0.0,0.0,5.9,0.0,1001.8,0.0
2024-08-08,26.6,24.3,30.4,15.0,0.0,0.0,4.5,0.0,1003.2,0.0
2024-08-09,27.8,24.5,33.2,17.0,0.0,0.0,4.9,0.0,1004.0,0.0
2024-08-10,26.7,24.1,33.9,7.9,0.0,0.0,4.2,0.0,1003.2,0.0
2024-08-11,26.5,24.5,30.5,7.1,0.0,0.0,4.9,0.0,1002.0,0.0
2024-08-12,25.5,23.4,29.0,2.9,0.0,0.0,4.5,0.0,1003.7,0.0
2024-08-13,27.9,25.0,33.0,13.0,0.0,0.0,2.9,0.0,1004.0,0.0
2024-08-14,27.8,25.2,32.2,7.1,0.0,0.0,3.5,0.0,1004.4,0.0
2024-08-15,27.9,24.6,31.6,9.9,0.0,0.0,3.5,0.0,1003.3,0.0
2024-08-16,28.1,24.2,34.0,0.0,0.0,0.0,5.4,0.0,1002.6,0.0
2024-08-17,28.6,25.2,34.6,22.1,0.0,0.0,3.8,0.0,1004.6,0.0
2024-08-18,27.6,25.0,33.7,0.0,0.0,0.0,4.4,0.0,1004.5,0.0
2024-08-19,26.7,23.8,33.4,18.0,0.0,0.0,5.0,0.0,1003.7,0.0
2024-08-20,26.4,22.7,29.2,0.0,0.0,0.0,6.4,0.0,1004.6,0.0
2024-08-21,26.6,22.7,29.9,126.0,0.0,0.0,6.0,0.0,1005.8,0.0
2024-08-22,26.4,23.3,31.0,32.0,0.0,0.0,6.1,0.0,1004.3,0.0
2024-08-23,26.8,22.6,31.2,53.1,0.0,0.0,4.7,0.0,1005.1,0.0
2024-08-24,28.3,24.7,31.8,0.8,0.0,0.0,3.4,0.0,1004.4,0.0
2024-08-25,28.7,23.9,34.4,0.0,0.0,0.0,4.7,0.0,1002.8,0.0
2024-08-26,27.8,23.8,34.9,5.1,0.0,0.0,5.0,0.0,1003.2,0.0
2024-08-27,27.9,23.6,34.9,13.0,0.0,0.0,5.0,0.0,1005.4,0.0
2024-08-28,27.4,23.6,34.2,6.1,0.0,0.0,5.0,0.0,1005.4,0.0
2024-08-29,26.9,21.4,32.4,71.1,0.0,0.0,5.0,0.0,1005.4,0.0
2024-08-30,29.1,23.4,32.4,0.3,0.0,0.0,5.0,0.0,1005.4,0.0
2024-08-31,29.4,24.8,34.4,0.0,0.0,0.0,5.0,0.0,1005.4,0.0
2024-09-02,26.4,22.6,34.6,142.0,0.0,0.0,5.0,0.0,1005.4,0.0
2024-09-03,26.5,22.6,34.6,0.3,0.0,0.0,5.0,0.0,1005.4,0.0
2024-09-04,24.5,22.6,33.4,15.0,0.0,0.0,4.0,0.0,1003.6,0.0
2024-09-05,26.4,22.1,30.8,8.9,0.0,0.0,3.1,0.0,1002.0,0.0
2024-09-06,27.0,23.6,32.6,1.0,0.0,0.0,4.4,0.0,1004.3,0.0
2024-09-07,26.8,24.0,32.8,0.5,0.0,0.0,3.4,0.0,1004.9,0.0
2024-09-08,28.2,23.8,32.4,0.5,0.0,0.0,6.9,0.0,1004.3,0.0
2024-09-09,28.2,23.8,33.0,58.9,0.0,0.0,3.1,0.0,1002.2,0.0
2024-09-10,26.0,23.1,33.4,0.0,0.0,0.0,4.1,0.0,1002.3,0.0
2024-09-11,28.2,23.4,34.0,34.0,0.0,0.0,4.4,0.0,1001.8,0.0
2024-09-12,24.5,22.6,34.2,2.0,0.0,0.0,5.3,0.0,1001.0,0.0
2024-09-13,23.1,21.7,27.0,19.1,0.0,0.0,6.2,0.0,1001.0,0.0
2024-09-14,24.1,21.3,27.6,21.1,0.0,0.0,4.2,0.0,1002.6,0.0
2024-09-15,26.1,21.6,30.2,4.1,0.0,0.0,4.4,0.0,1003.0,0.0
2024-09-16,27.4,21.8,32.2,0.0,0.0,0.0,3.8,0.0,1004.3,0.0
2024-09-17,25.5,21.0,31.8,7.1,0.0,0.0,4.5,0.0,1006.1,0.0
2024-09-18,23.3,21.5,25.5,6.9,0.0,0.0,6.1,0.0,1006.1,0.0
2024-09-19,25.2,20.5,32.8,6.1,0.0,0.0,4.9,0.0,1006.2,0.0
2024-09-20,26.2,20.8,33.0,0.0,0.0,0.0,4.9,0.0,1005.5,0.0
2024-09-21,26.7,21.4,34.0,0.0,0.0,0.0,4.8,0.0,1006.5,0.0
2024-09-22,27.2,21.7,34.8,0.0,0.0,0.0,4.1,0.0,1005.9,0.0
2024-09-23,28.3,23.4,35.6,0.2,0.0,0.0,4.8,0.0,1004.9,0.0
2024-09-24,28.0,22.4,35.2,0.3,0.0,0.0,4.2,0.0,1004.3,0.0
2024-09-25,26.2,23.4,33.0,16.0,0.0,0.0,5.9,0.0,1005.6,0.0
2024-09-26,24.8,22.0,29.4,28.2,0.0,0.0,4.4,0.0,1006.0,0.0
2024-09-27,24.7,21.9,29.6,0.4,0.0,0.0,4.3,0.0,1004.9,0.0
2024-09-28,25.5,22.6,30.0,34.0,0.0,0.0,5.4,0.0,1006.5,0.0
2024-09-29,26.9,23.2,30.8,0.0,0.0,0.0,4.7,0.0,1009.4,0.0
2024-09-30,25.0,20.1,32.0,0.0,0.0,0.0,4.3,0.0,1007.3,0.0
2024-10-01,25.2,20.3,31.0,0.0,0.0,0.0,4.8,0.0,1004.5,0.0
2024-10-02,25.5,20.8,32.8,0.0,0.0,0.0,5.4,0.0,1004.1,0.0
2024-10-03,24.9,18.7,32.4,0.0,0.0,0.0,4.6,0.0,1004.2,0.0
2024-10-04,24.8,19.5,32.4,0.0,0.0,0.0,4.3,0.0,1005.7,0.0
2024-10-05,24.8,19.4,32.4,0.0,0.0,0.0,4.8,0.0,1007.7,0.0
2024-10-06,24.6,18.7,32.6,0.0,0.0,0.0,4.9,0.0,1010.7,0.0
2024-10-07,24.3,19.0,32.0,0.0,0.0,0.0,4.7,0.0,1013.1,0.0
2024-10-08,23.9,19.1,32.0,0.2,0.0,0.0,4.2,0.0,1012.6,0.0
2024-10-09,23.9,19.2,31.8,0.0,0.0,0.0,4.5,0.0,1010.0,0.0
2024-10-10,24.0,19.5,31.6,0.4,0.0,0.0,4.7,0.0,1008.9,0.0
2024-10-11,23.3,18.1,32.0,0.0,0.0,0.0,5.1,0.0,1008.9,0.0
2024-10-12,23.0,17.6,31.8,0.0,0.0,0.0,4.9,0.0,1010.1,0.0
2024-10-13,23.1,18.4,30.8,0.0,0.0,0.0,4.7,0.0,1011.3,0.0
2024-10-14,22.5,17.2,30.4,0.0,0.0,0.0,4.8,0.0,1011.5,0.0
2024-10-15,24.3,18.9,31.4,0.0,0.0,0.0,4.7,0.0,1010.3,0.0
2024-10-16,21.9,16.6,28.8,0.0,0.0,0.0,5.0,0.0,1010.0,0.0
2024-10-17,22.0,16.5,29.2,0.2,0.0,0.0,4.5,0.0,1010.7,0.0
2024-10-18,21.7,15.9,29.6,0.0,0.0,0.0,4.5,0.0,1010.6,0.0
2024-10-19,22.1,17.2,29.8,0.0,0.0,0.0,4.8,0.0,1010.8,0.0
2024-10-20,22.2,17.3,30.6,0.0,0.0,0.0,5.1,0.0,1012.8,0.0
2024-10-21,22.2,17.9,30.2,0.0,0.0,0.0,4.1,0.0,1013.0,0.0
2024-10-22,22.3,17.6,29.4,0.0,0.0,0.0,4.2,0.0,1013.6,0.0
2024-10-23,22.4,17.0,32.2,0.0,0.0,0.0,4.0,0.0,1012.4,0.0
2024-10-24,22.8,15.9,33.6,0.0,0.0,0.0,4.9,0.0,1010.9,0.0
2024-10-25,22.7,17.2,30.2,0.0,0.0,0.0,5.7,0.0,1010.4,0.0
2024-10-26,22.2,17.5,30.6,0.0,0.0,0.0,5.9,0.0,1011.1,0.0
2024-10-27,22.4,17.7,29.8,0.0,0.0,0.0,4.3,0.0,1010.7,0.0
2024-10-28,22.8,17.1,30.8,0.0,0.0,0.0,4.2,0.0,1009.2,0.0
2024-10-29,22.5,17.1,30.6,0.0,0.0,0.0,4.4,0.0,1009.7,0.0
2024-10-30,22.5,16.5,31.8,0.0,0.0,0.0,4.5,0.0,1010.3,0.0
2024-10-31,22.1,16.7,29.4,0.0,0.0,0.0,5.0,0.0,1010.8,0.0
2024-11-01,21.4,17.5,28.8,0.0,0.0,0.0,4.7,0.0,1011.5,0.0
2024-11-02,21.0,15.2,30.0,0.0,0.0,0.0,5.1,0.0,1013.4,0.0
2024-11-03,21.5,16.4,29.4,0.0,0.0,0.0,4.6,0.0,1014.4,0.0
2024-11-04,21.3,16.7,29.8,0.0,0.0,0.0,4.9,0.0,1013.1,0.0
2024-11-05,21.3,17.2,28.8,0.1,0.0,0.0,4.2,0.0,1015.7,0.0
2024-11-06,21.0,16.4,29.2,0.0,0.0,0.0,4.3,0.0,1015.4,0.0
2024-11-07,20.7,15.8,28.4,0.0,0.0,0.0,4.4,0.0,1014.8,0.0
2024-11-08,20.7,15.7,27.4,0.0,0.0,0.0,4.3,0.0,1014.6,0.0
2024-11-09,20.1,15.4,26.6,0.0,0.0,0.0,4.2,0.0,1015.2,0.0
2024-11-10,20.1,15.6,27.6,0.0,0.0,0.0,4.2,0.0,1014.9,0.0
2024-11-11,19.5,14.8,27.4,0.0,0.0,0.0,4.2,0.0,1014.8,0.0
2024-11-12,19.3,14.2,27.4,0.0,0.0,0.0,4.0,0.0,1013.9,0.0
2024-11-13,18.9,15.0,26.6,0.0,0.0,0.0,3.6,0.0,1012.7,0.0
2024-11-14,18.2,14.0,26.8,0.0,0.0,0.0,3.9,0.0,1015.0,0.0
2024-11-15,17.5,13.4,26.2,0.0,0.0,0.0,3.8,0.0,1013.9,0.0
2024-11-16,17.3,12.9,25.8,0.0,0.0,0.0,3.5,0.0,1012.8,0.0
2024-11-17,17.1,12.6,25.6,0.0,0.0,0.0,3.9,0.0,1013.8,0.0
2024-11-18,16.0,11.9,22.3,0.0,0.0,0.0,4.3,0.0,1015.5,0.0
2024-11-19,15.2,10.2,21.4,0.0,0.0,0.0,5.8,0.0,1016.8,0.0
2024-11-20,15.8,11.0,21.8,0.0,0.0,0.0,5.9,0.0,1015.6,0.0
2024-11-21,15.8,12.1,21.7,0.0,0.0,0.0,5.5,0.0,1015.4,0.0
2024-11-22,15.9,11.1,25.8,0.0,0.0,0.0,4.2,0.0,1014.8,0.0
2024-11-23,15.9,11.0,24.6,0.0,0.0,0.0,3.6,0.0,1015.6,0.0
2024-11-24,16.0,11.4,25.0,0.0,0.0,0.0,3.4,0.0,1015.0,0.0
2024-11-25,15.9,11.2,25.4,0.0,0.0,0.0,4.1,0.0,1014.5,0.0
2024-11-26,15.4,11.6,24.0,0.0,0.0,0.0,4.2,0.0,1014.6,0.0
2024-11-27,14.8,9.9,23.8,0.0,0.0,0.0,4.4,0.0,1014.6,0.0
2024-11-28,15.3,10.0,25.0,0.0,0.0,0.0,3.7,0.0,1016.5,0.0
2024-11-29,15.4,10.8,23.6,0.0,0.0,0.0,3.3,0.0,1017.3,0.0
2024-11-30,15.7,10.4,24.4,0.0,0.0,0.0,3.8,0.0,1014.9,0.0
2024-12-01,15.6,11.7,22.0,0.0,0.0,0.0,5.7,0.0,1013.2,0.0
2024-12-02,15.8,10.2,26.2,0.0,0.0,0.0,3.3,0.0,1013.1,0.0
2024-12-03,16.1,10.8,24.6,0.0,0.0,0.0,3.9,0.0,1015.1,0.0
2024-12-04,15.7,10.7,26.0,0.0,0.0,0.0,4.2,0.0,1013.5,0.0
2024-12-05,14.2,9.8,24.2,0.0,0.0,0.0,3.6,0.0,1013.3,0.0
2024-12-06,13.1,8.5,22.4,0.0,0.0,0.0,3.3,0.0,1012.4,0.0
2024-12-07,12.3,7.4,21.0,0.0,0.0,0.0,3.8,0.0,1012.8,0.0
2024-12-08,12.0,6.2,22.4,2.6,0.0,0.0,7.1,0.0,1013.7,0.0
2024-12-09,12.4,5.3,22.6,0.3,0.0,0.0,6.9,0.0,1015.5,0.0
2024-12-10,12.2,5.6,21.2,0.0,0.0,0.0,4.1,0.0,1016.1,0.0
2024-12-11,12.7,7.0,24.0,0.0,0.0,0.0,3.2,0.0,1015.0,0.0
2024-12-14,12.5,6.2,23.2,0.0,0.0,0.0,2.9,0.0,1016.3,0.0
2024-12-15,12.0,6.8,21.4,0.0,0.0,0.0,3.7,0.0,1018.7,0.0
2024-12-16,13.4,7.6,24.2,0.0,0.0,0.0,2.7,0.0,1017.0,0.0
2024-12-17,13.6,8.8,23.4,0.0,0.0,0.0,3.3,0.0,1015.9,0.0
2024-12-18,13.2,8.4,20.5,0.0,0.0,0.0,3.8,0.0,1015.2,0.0
2024-12-19,12.3,7.4,21.2,0.0,0.0,0.0,4.2,0.0,1016.1,0.0
2024-12-20,12.1,6.3,23.0,0.0,0.0,0.0,4.9,0.0,1015.6,0.0
2024-12-21,12.6,7.0,23.0,0.0,0.0,0.0,3.8,0.0,1015.3,0.0
2024-12-22,12.5,7.2,23.0,0.0,0.0,0.0,3.0,0.0,1015.5,0.0
2024-12-23,10.4,6.8,13.6,0.3,0.0,0.0,5.6,0.0,1016.6,0.0
2024-12-24,12.2,8.6,24.5,0.0,0.0,0.0,4.4,0.0,1017.1,0.0
2024-12-25,13.4,7.0,22.8,0.0,0.0,0.0,4.7,0.0,1018.2,0.0
2024-12-26,13.2,7.8,23.0,0.0,0.0,0.0,3.8,0.0,1020.5,0.0
2024-12-27,12.3,8.4,24.6,0.0,0.0,0.0,8.1,0.0,1019.8,0.0
2024-12-28,12.8,11.4,14.1,13.0,0.0,0.0,6.4,0.0,1018.9,0.0
2024-12-29,14.6,9.9,21.0,9.9,0.0,0.0,4.4,0.0,1019.0,0.0
2024-12-30,13.9,9.7,22.1,0.0,0.0,0.0,3.7,0.0,1017.6,0.0
2024-12-31,11.4,7.7,17.4,0.0,0.0,0.0,3.7,0.0,1019.2,0.0
